,System Idenfitier,Location,Managing Device,Device Type,Position,Variable Identifier
0,VA,LS1,CA01,CAV1,D1127,PHA_CSET
1,VA,LS1,CA01,CAV1,D1127,AMPL_CSET
2,VA,LS1,CA01,SOL1,D1132,I_CSET
3,VA,LS1,CA01,DCH,D1132,I_CSET
4,VA,LS1,CA01,DCV,D1132,I_CSET
5,VA,LS1,CA01,CAV2,D1136,PHA_CSET
6,VA,LS1,CA01,CAV2,D1136,AMPL_CSET
7,VA,LS1,CA01,CAV3,D1142,PHA_CSET
8,VA,LS1,CA01,CAV3,D1142,AMPL_CSET
9,VA,LS1,CA01,SOL2,D1146,I_CSET
10,VA,LS1,CA01,DCH,D1146,I_CSET
11,VA,LS1,CA01,DCV,D1146,I_CSET
12,VA,LS1,CA01,CAV4,D1150,PHA_CSET
13,VA,LS1,CA01,CAV4,D1150,AMPL_CSET
14,VA,LS1,CA02,CAV1,D1161,PHA_CSET
15,VA,LS1,CA02,CAV1,D1161,AMPL_CSET
16,VA,LS1,CA02,SOL1,D1165,I_CSET
17,VA,LS1,CA02,DCH,D1165,I_CSET
18,VA,LS1,CA02,DCV,D1165,I_CSET
19,VA,LS1,CA02,CAV2,D1169,PHA_CSET
20,VA,LS1,CA02,CAV2,D1169,AMPL_CSET
21,VA,LS1,CA02,CAV3,D1176,PHA_CSET
22,VA,LS1,CA02,CAV3,D1176,AMPL_CSET
23,VA,LS1,CA02,SOL2,D1180,I_CSET
24,VA,LS1,CA02,DCH,D1180,I_CSET
25,VA,LS1,CA02,DCV,D1180,I_CSET
26,VA,LS1,CA02,CAV4,D1184,PHA_CSET
27,VA,LS1,CA02,CAV4,D1184,AMPL_CSET
28,VA,LS1,CA03,CAV1,D1195,PHA_CSET
29,VA,LS1,CA03,CAV1,D1195,AMPL_CSET
30,VA,LS1,CA03,SOL1,D1199,I_CSET
31,VA,LS1,CA03,DCH,D1199,I_CSET
32,VA,LS1,CA03,DCV,D1199,I_CSET
33,VA,LS1,CA03,CAV2,D1203,PHA_CSET
34,VA,LS1,CA03,CAV2,D1203,AMPL_CSET
35,VA,LS1,CA03,CAV3,D1209,PHA_CSET
36,VA,LS1,CA03,CAV3,D1209,AMPL_CSET
37,VA,LS1,CA03,SOL2,D1214,I_CSET
38,VA,LS1,CA03,DCH,D1214,I_CSET
39,VA,LS1,CA03,DCV,D1214,I_CSET
40,VA,LS1,CA03,CAV4,D1218,PHA_CSET
41,VA,LS1,CA03,CAV4,D1218,AMPL_CSET
42,VA,LS1,CB01,CAV1,D1229,PHA_CSET
43,VA,LS1,CB01,CAV1,D1229,AMPL_CSET
44,VA,LS1,CB01,SOL1,D1235,I_CSET
45,VA,LS1,CB01,DCH,D1235,I_CSET
46,VA,LS1,CB01,DCV,D1235,I_CSET
47,VA,LS1,CB01,CAV2,D1241,PHA_CSET
48,VA,LS1,CB01,CAV2,D1241,AMPL_CSET
49,VA,LS1,CB01,CAV3,D1245,PHA_CSET
50,VA,LS1,CB01,CAV3,D1245,AMPL_CSET
51,VA,LS1,CB01,CAV4,D1249,PHA_CSET
52,VA,LS1,CB01,CAV4,D1249,AMPL_CSET
53,VA,LS1,CB01,SOL2,D1255,I_CSET
54,VA,LS1,CB01,DCH,D1255,I_CSET
55,VA,LS1,CB01,DCV,D1255,I_CSET
56,VA,LS1,CB01,CAV5,D1261,PHA_CSET
57,VA,LS1,CB01,CAV5,D1261,AMPL_CSET
58,VA,LS1,CB01,CAV6,D1265,PHA_CSET
59,VA,LS1,CB01,CAV6,D1265,AMPL_CSET
60,VA,LS1,CB01,CAV7,D1269,PHA_CSET
61,VA,LS1,CB01,CAV7,D1269,AMPL_CSET
62,VA,LS1,CB01,SOL3,D1275,I_CSET
63,VA,LS1,CB01,DCH,D1275,I_CSET
64,VA,LS1,CB01,DCV,D1275,I_CSET
65,VA,LS1,CB01,CAV8,D1281,PHA_CSET
66,VA,LS1,CB01,CAV8,D1281,AMPL_CSET
67,VA,LS1,CB02,CAV1,D1293,PHA_CSET
68,VA,LS1,CB02,CAV1,D1293,AMPL_CSET
69,VA,LS1,CB02,SOL1,D1299,I_CSET
70,VA,LS1,CB02,DCH,D1299,I_CSET
71,VA,LS1,CB02,DCV,D1299,I_CSET
72,VA,LS1,CB02,CAV2,D1305,PHA_CSET
73,VA,LS1,CB02,CAV2,D1305,AMPL_CSET
74,VA,LS1,CB02,CAV3,D1309,PHA_CSET
75,VA,LS1,CB02,CAV3,D1309,AMPL_CSET
76,VA,LS1,CB02,CAV4,D1313,PHA_CSET
77,VA,LS1,CB02,CAV4,D1313,AMPL_CSET
78,VA,LS1,CB02,SOL2,D1319,I_CSET
79,VA,LS1,CB02,DCH,D1319,I_CSET
80,VA,LS1,CB02,DCV,D1319,I_CSET
81,VA,LS1,CB02,CAV5,D1325,PHA_CSET
82,VA,LS1,CB02,CAV5,D1325,AMPL_CSET
83,VA,LS1,CB02,CAV6,D1329,PHA_CSET
84,VA,LS1,CB02,CAV6,D1329,AMPL_CSET
85,VA,LS1,CB02,CAV7,D1333,PHA_CSET
86,VA,LS1,CB02,CAV7,D1333,AMPL_CSET
87,VA,LS1,CB02,SOL3,D1339,I_CSET
88,VA,LS1,CB02,DCH,D1339,I_CSET
89,VA,LS1,CB02,DCV,D1339,I_CSET
90,VA,LS1,CB02,CAV8,D1345,PHA_CSET
91,VA,LS1,CB02,CAV8,D1345,AMPL_CSET
92,VA,LS1,CB03,CAV1,D1356,PHA_CSET
93,VA,LS1,CB03,CAV1,D1356,AMPL_CSET
94,VA,LS1,CB03,SOL1,D1363,I_CSET
95,VA,LS1,CB03,DCH,D1363,I_CSET
96,VA,LS1,CB03,DCV,D1363,I_CSET
97,VA,LS1,CB03,CAV2,D1368,PHA_CSET
98,VA,LS1,CB03,CAV2,D1368,AMPL_CSET
99,VA,LS1,CB03,CAV3,D1372,PHA_CSET
100,VA,LS1,CB03,CAV3,D1372,AMPL_CSET
101,VA,LS1,CB03,CAV4,D1376,PHA_CSET
102,VA,LS1,CB03,CAV4,D1376,AMPL_CSET
103,VA,LS1,CB03,SOL2,D1383,I_CSET
104,VA,LS1,CB03,DCH,D1383,I_CSET
105,VA,LS1,CB03,DCV,D1383,I_CSET
106,VA,LS1,CB03,CAV5,D1388,PHA_CSET
107,VA,LS1,CB03,CAV5,D1388,AMPL_CSET
108,VA,LS1,CB03,CAV6,D1392,PHA_CSET
109,VA,LS1,CB03,CAV6,D1392,AMPL_CSET
110,VA,LS1,CB03,CAV7,D1396,PHA_CSET
111,VA,LS1,CB03,CAV7,D1396,AMPL_CSET
112,VA,LS1,CB03,SOL3,D1403,I_CSET
113,VA,LS1,CB03,DCH,D1403,I_CSET
114,VA,LS1,CB03,DCV,D1403,I_CSET
115,VA,LS1,CB03,CAV8,D1408,PHA_CSET
116,VA,LS1,CB03,CAV8,D1408,AMPL_CSET
117,VA,LS1,CB04,CAV1,D1420,PHA_CSET
118,VA,LS1,CB04,CAV1,D1420,AMPL_CSET
119,VA,LS1,CB04,SOL1,D1426,I_CSET
120,VA,LS1,CB04,DCH,D1426,I_CSET
121,VA,LS1,CB04,DCV,D1426,I_CSET
122,VA,LS1,CB04,CAV2,D1432,PHA_CSET
123,VA,LS1,CB04,CAV2,D1432,AMPL_CSET
124,VA,LS1,CB04,CAV3,D1436,PHA_CSET
125,VA,LS1,CB04,CAV3,D1436,AMPL_CSET
126,VA,LS1,CB04,CAV4,D1440,PHA_CSET
127,VA,LS1,CB04,CAV4,D1440,AMPL_CSET
128,VA,LS1,CB04,SOL2,D1446,I_CSET
129,VA,LS1,CB04,DCH,D1446,I_CSET
130,VA,LS1,CB04,DCV,D1446,I_CSET
131,VA,LS1,CB04,CAV5,D1452,PHA_CSET
132,VA,LS1,CB04,CAV5,D1452,AMPL_CSET
133,VA,LS1,CB04,CAV6,D1456,PHA_CSET
134,VA,LS1,CB04,CAV6,D1456,AMPL_CSET
135,VA,LS1,CB04,CAV7,D1460,PHA_CSET
136,VA,LS1,CB04,CAV7,D1460,AMPL_CSET
137,VA,LS1,CB04,SOL3,D1466,I_CSET
138,VA,LS1,CB04,DCH,D1466,I_CSET
139,VA,LS1,CB04,DCV,D1466,I_CSET
140,VA,LS1,CB04,CAV8,D1472,PHA_CSET
141,VA,LS1,CB04,CAV8,D1472,AMPL_CSET
142,VA,LS1,CB05,CAV1,D1484,PHA_CSET
143,VA,LS1,CB05,CAV1,D1484,AMPL_CSET
144,VA,LS1,CB05,SOL1,D1490,I_CSET
145,VA,LS1,CB05,DCH,D1490,I_CSET
146,VA,LS1,CB05,DCV,D1490,I_CSET
147,VA,LS1,CB05,CAV2,D1496,PHA_CSET
148,VA,LS1,CB05,CAV2,D1496,AMPL_CSET
149,VA,LS1,CB05,CAV3,D1500,PHA_CSET
150,VA,LS1,CB05,CAV3,D1500,AMPL_CSET
151,VA,LS1,CB05,CAV4,D1504,PHA_CSET
152,VA,LS1,CB05,CAV4,D1504,AMPL_CSET
153,VA,LS1,CB05,SOL2,D1510,I_CSET
154,VA,LS1,CB05,DCH,D1510,I_CSET
155,VA,LS1,CB05,DCV,D1510,I_CSET
156,VA,LS1,CB05,CAV5,D1516,PHA_CSET
157,VA,LS1,CB05,CAV5,D1516,AMPL_CSET
158,VA,LS1,CB05,CAV6,D1520,PHA_CSET
159,VA,LS1,CB05,CAV6,D1520,AMPL_CSET
160,VA,LS1,CB05,CAV7,D1524,PHA_CSET
161,VA,LS1,CB05,CAV7,D1524,AMPL_CSET
162,VA,LS1,CB05,SOL3,D1530,I_CSET
163,VA,LS1,CB05,DCH,D1530,I_CSET
164,VA,LS1,CB05,DCV,D1530,I_CSET
165,VA,LS1,CB05,CAV8,D1536,PHA_CSET
166,VA,LS1,CB05,CAV8,D1536,AMPL_CSET
167,VA,LS1,CB06,CAV1,D1548,PHA_CSET
168,VA,LS1,CB06,CAV1,D1548,AMPL_CSET
169,VA,LS1,CB06,SOL1,D1554,I_CSET
170,VA,LS1,CB06,DCH,D1554,I_CSET
171,VA,LS1,CB06,DCV,D1554,I_CSET
172,VA,LS1,CB06,CAV2,D1560,PHA_CSET
173,VA,LS1,CB06,CAV2,D1560,AMPL_CSET
174,VA,LS1,CB06,CAV3,D1564,PHA_CSET
175,VA,LS1,CB06,CAV3,D1564,AMPL_CSET
176,VA,LS1,CB06,CAV4,D1567,PHA_CSET
177,VA,LS1,CB06,CAV4,D1567,AMPL_CSET
178,VA,LS1,CB06,SOL2,D1574,I_CSET
179,VA,LS1,CB06,DCH,D1574,I_CSET
180,VA,LS1,CB06,DCV,D1574,I_CSET
181,VA,LS1,CB06,CAV5,D1580,PHA_CSET
182,VA,LS1,CB06,CAV5,D1580,AMPL_CSET
183,VA,LS1,CB06,CAV6,D1583,PHA_CSET
184,VA,LS1,CB06,CAV6,D1583,AMPL_CSET
185,VA,LS1,CB06,CAV7,D1587,PHA_CSET
186,VA,LS1,CB06,CAV7,D1587,AMPL_CSET
187,VA,LS1,CB06,SOL3,D1594,I_CSET
188,VA,LS1,CB06,DCH,D1594,I_CSET
189,VA,LS1,CB06,DCV,D1594,I_CSET
190,VA,LS1,CB06,CAV8,D1599,PHA_CSET
191,VA,LS1,CB06,CAV8,D1599,AMPL_CSET
192,VA,LS1,CB07,CAV1,D1611,PHA_CSET
193,VA,LS1,CB07,CAV1,D1611,AMPL_CSET
194,VA,LS1,CB07,SOL1,D1618,I_CSET
195,VA,LS1,CB07,DCH,D1618,I_CSET
196,VA,LS1,CB07,DCV,D1618,I_CSET
197,VA,LS1,CB07,CAV2,D1623,PHA_CSET
198,VA,LS1,CB07,CAV2,D1623,AMPL_CSET
199,VA,LS1,CB07,CAV3,D1627,PHA_CSET
200,VA,LS1,CB07,CAV3,D1627,AMPL_CSET
201,VA,LS1,CB07,CAV4,D1631,PHA_CSET
202,VA,LS1,CB07,CAV4,D1631,AMPL_CSET
203,VA,LS1,CB07,SOL2,D1637,I_CSET
204,VA,LS1,CB07,DCH,D1637,I_CSET
205,VA,LS1,CB07,DCV,D1637,I_CSET
206,VA,LS1,CB07,CAV5,D1643,PHA_CSET
207,VA,LS1,CB07,CAV5,D1643,AMPL_CSET
208,VA,LS1,CB07,CAV6,D1647,PHA_CSET
209,VA,LS1,CB07,CAV6,D1647,AMPL_CSET
210,VA,LS1,CB07,CAV7,D1651,PHA_CSET
211,VA,LS1,CB07,CAV7,D1651,AMPL_CSET
212,VA,LS1,CB07,SOL3,D1657,I_CSET
213,VA,LS1,CB07,DCH,D1657,I_CSET
214,VA,LS1,CB07,DCV,D1657,I_CSET
215,VA,LS1,CB07,CAV8,D1663,PHA_CSET
216,VA,LS1,CB07,CAV8,D1663,AMPL_CSET
217,VA,LS1,CB08,CAV1,D1675,PHA_CSET
218,VA,LS1,CB08,CAV1,D1675,AMPL_CSET
219,VA,LS1,CB08,SOL1,D1681,I_CSET
220,VA,LS1,CB08,DCH,D1681,I_CSET
221,VA,LS1,CB08,DCV,D1681,I_CSET
222,VA,LS1,CB08,CAV2,D1687,PHA_CSET
223,VA,LS1,CB08,CAV2,D1687,AMPL_CSET
224,VA,LS1,CB08,CAV3,D1691,PHA_CSET
225,VA,LS1,CB08,CAV3,D1691,AMPL_CSET
226,VA,LS1,CB08,CAV4,D1695,PHA_CSET
227,VA,LS1,CB08,CAV4,D1695,AMPL_CSET
228,VA,LS1,CB08,SOL2,D1701,I_CSET
229,VA,LS1,CB08,DCH,D1701,I_CSET
230,VA,LS1,CB08,DCV,D1701,I_CSET
231,VA,LS1,CB08,CAV5,D1707,PHA_CSET
232,VA,LS1,CB08,CAV5,D1707,AMPL_CSET
233,VA,LS1,CB08,CAV6,D1711,PHA_CSET
234,VA,LS1,CB08,CAV6,D1711,AMPL_CSET
235,VA,LS1,CB08,CAV7,D1715,PHA_CSET
236,VA,LS1,CB08,CAV7,D1715,AMPL_CSET
237,VA,LS1,CB08,SOL3,D1721,I_CSET
238,VA,LS1,CB08,DCH,D1721,I_CSET
239,VA,LS1,CB08,DCV,D1721,I_CSET
240,VA,LS1,CB08,CAV8,D1727,PHA_CSET
241,VA,LS1,CB08,CAV8,D1727,AMPL_CSET
242,VA,LS1,CB09,CAV1,D1739,PHA_CSET
243,VA,LS1,CB09,CAV1,D1739,AMPL_CSET
244,VA,LS1,CB09,SOL1,D1745,I_CSET
245,VA,LS1,CB09,DCH,D1745,I_CSET
246,VA,LS1,CB09,DCV,D1745,I_CSET
247,VA,LS1,CB09,CAV2,D1751,PHA_CSET
248,VA,LS1,CB09,CAV2,D1751,AMPL_CSET
249,VA,LS1,CB09,CAV3,D1755,PHA_CSET
250,VA,LS1,CB09,CAV3,D1755,AMPL_CSET
251,VA,LS1,CB09,CAV4,D1759,PHA_CSET
252,VA,LS1,CB09,CAV4,D1759,AMPL_CSET
253,VA,LS1,CB09,SOL2,D1765,I_CSET
254,VA,LS1,CB09,DCH,D1765,I_CSET
255,VA,LS1,CB09,DCV,D1765,I_CSET
256,VA,LS1,CB09,CAV5,D1771,PHA_CSET
257,VA,LS1,CB09,CAV5,D1771,AMPL_CSET
258,VA,LS1,CB09,CAV6,D1775,PHA_CSET
259,VA,LS1,CB09,CAV6,D1775,AMPL_CSET
260,VA,LS1,CB09,CAV7,D1779,PHA_CSET
261,VA,LS1,CB09,CAV7,D1779,AMPL_CSET
262,VA,LS1,CB09,SOL3,D1785,I_CSET
263,VA,LS1,CB09,DCH,D1785,I_CSET
264,VA,LS1,CB09,DCV,D1785,I_CSET
265,VA,LS1,CB09,CAV8,D1791,PHA_CSET
266,VA,LS1,CB09,CAV8,D1791,AMPL_CSET
267,VA,LS1,CB10,CAV1,D1802,PHA_CSET
268,VA,LS1,CB10,CAV1,D1802,AMPL_CSET
269,VA,LS1,CB10,SOL1,D1809,I_CSET
270,VA,LS1,CB10,DCH,D1809,I_CSET
271,VA,LS1,CB10,DCV,D1809,I_CSET
272,VA,LS1,CB10,CAV2,D1814,PHA_CSET
273,VA,LS1,CB10,CAV2,D1814,AMPL_CSET
274,VA,LS1,CB10,CAV3,D1818,PHA_CSET
275,VA,LS1,CB10,CAV3,D1818,AMPL_CSET
276,VA,LS1,CB10,CAV4,D1822,PHA_CSET
277,VA,LS1,CB10,CAV4,D1822,AMPL_CSET
278,VA,LS1,CB10,SOL2,D1829,I_CSET
279,VA,LS1,CB10,DCH,D1829,I_CSET
280,VA,LS1,CB10,DCV,D1829,I_CSET
281,VA,LS1,CB10,CAV5,D1834,PHA_CSET
282,VA,LS1,CB10,CAV5,D1834,AMPL_CSET
283,VA,LS1,CB10,CAV6,D1838,PHA_CSET
284,VA,LS1,CB10,CAV6,D1838,AMPL_CSET
285,VA,LS1,CB10,CAV7,D1842,PHA_CSET
286,VA,LS1,CB10,CAV7,D1842,AMPL_CSET
287,VA,LS1,CB10,SOL3,D1849,I_CSET
288,VA,LS1,CB10,DCH,D1849,I_CSET
289,VA,LS1,CB10,DCV,D1849,I_CSET
290,VA,LS1,CB10,CAV8,D1854,PHA_CSET
291,VA,LS1,CB10,CAV8,D1854,AMPL_CSET
292,VA,LS1,CB11,CAV1,D1866,PHA_CSET
293,VA,LS1,CB11,CAV1,D1866,AMPL_CSET
294,VA,LS1,CB11,SOL1,D1872,I_CSET
295,VA,LS1,CB11,DCH,D1872,I_CSET
296,VA,LS1,CB11,DCV,D1872,I_CSET
297,VA,LS1,CB11,CAV2,D1878,PHA_CSET
298,VA,LS1,CB11,CAV2,D1878,AMPL_CSET
299,VA,LS1,CB11,CAV3,D1882,PHA_CSET
300,VA,LS1,CB11,CAV3,D1882,AMPL_CSET
301,VA,LS1,CB11,CAV4,D1886,PHA_CSET
302,VA,LS1,CB11,CAV4,D1886,AMPL_CSET
303,VA,LS1,CB11,SOL2,D1892,I_CSET
304,VA,LS1,CB11,DCH,D1892,I_CSET
305,VA,LS1,CB11,DCV,D1892,I_CSET
306,VA,LS1,CB11,CAV5,D1898,PHA_CSET
307,VA,LS1,CB11,CAV5,D1898,AMPL_CSET
308,VA,LS1,CB11,CAV6,D1902,PHA_CSET
309,VA,LS1,CB11,CAV6,D1902,AMPL_CSET
310,VA,LS1,CB11,CAV7,D1906,PHA_CSET
311,VA,LS1,CB11,CAV7,D1906,AMPL_CSET
312,VA,LS1,CB11,SOL3,D1912,I_CSET
313,VA,LS1,CB11,DCH,D1912,I_CSET
314,VA,LS1,CB11,DCV,D1912,I_CSET
315,VA,LS1,CB11,CAV8,D1918,PHA_CSET
316,VA,LS1,CB11,CAV8,D1918,AMPL_CSET
317,VA,LS1,BTS,DCH,D1937,I_CSET
318,VA,LS1,BTS,DCV,D1937,I_CSET
319,VA,LS1,BTS,QH,D1942,I_CSET
320,VA,LS1,BTS,QV,D1950,I_CSET
321,VA,LS1,BTS,DCH,D1964,I_CSET
322,VA,LS1,BTS,DCV,D1964,I_CSET
323,VA,LS1,BTS,QH,D1969,I_CSET
324,VA,LS1,BTS,QV,D1976,I_CSET
325,VA,LS1,BTS,DCH,D1997,I_CSET
326,VA,LS1,BTS,DCV,D1997,I_CSET
327,VA,LS1,BTS,QH,D2002,I_CSET
328,VA,LS1,BTS,QV,D2013,I_CSET
329,VA,LS1,BTS,DCH,D2024,I_CSET
330,VA,LS1,BTS,DCV,D2024,I_CSET
331,VA,LS1,BTS,QH,D2029,I_CSET
332,VA,LS1,BTS,QV,D2042,I_CSET
333,VA,LS1,BTS,DCH,D2061,I_CSET
334,VA,LS1,BTS,DCV,D2061,I_CSET
335,VA,LS1,BTS,QV,D2066,I_CSET
336,VA,LS1,BTS,QH,D2073,I_CSET
337,VA,LS1,CH01,CAV1,D2085,PHA_CSET
338,VA,LS1,CH01,CAV1,D2085,AMPL_CSET
339,VA,LS1,CH01,CAV2,D2089,PHA_CSET
340,VA,LS1,CH01,CAV2,D2089,AMPL_CSET
341,VA,LS1,CH01,CAV3,D2096,PHA_CSET
342,VA,LS1,CH01,CAV3,D2096,AMPL_CSET
343,VA,LS1,CH01,CAV4,D2100,PHA_CSET
344,VA,LS1,CH01,CAV4,D2100,AMPL_CSET
345,VA,LS1,BTS,DCH,D2114,I_CSET
346,VA,LS1,BTS,DCV,D2114,I_CSET
347,VA,LS1,BTS,QV,D2118,I_CSET
348,VA,LS1,BTS,QH,D2126,I_CSET
349,VA,FS1,CH01,CAV1,D2137,PHA_CSET
350,VA,FS1,CH01,CAV1,D2137,AMPL_CSET
351,VA,FS1,CH01,CAV2,D2141,PHA_CSET
352,VA,FS1,CH01,CAV2,D2141,AMPL_CSET
353,VA,FS1,CH01,CAV3,D2148,PHA_CSET
354,VA,FS1,CH01,CAV3,D2148,AMPL_CSET
355,VA,FS1,CH01,CAV4,D2152,PHA_CSET
356,VA,FS1,CH01,CAV4,D2152,AMPL_CSET
357,VA,FS1,CSS,DH,D2163,I_CSET
358,VA,FS1,CSS,DH,D2169,I_CSET
359,VA,FS1,CSS,DH,D2174,I_CSET
360,VA,FS1,CSS,DH,D2180,I_CSET
361,VA,FS1,CSS,DCH,D2189,I_CSET
362,VA,FS1,CSS,DCV,D2189,I_CSET
363,VA,FS1,CSS,QH,D2194,I_CSET
364,VA,FS1,CSS,QV,D2202,I_CSET
365,VA,FS1,CSS,DCH,D2210,I_CSET
366,VA,FS1,CSS,DCV,D2210,I_CSET
367,VA,FS1,CSS,QH,D2215,I_CSET
368,VA,FS1,CSS,QV,D2220,I_CSET
369,VA,FS1,CSS,QV,D2254,I_CSET
370,VA,FS1,CSS,DCH,D2257,I_CSET
371,VA,FS1,CSS,DCV,D2257,I_CSET
372,VA,FS1,CSS,QH,D2260,I_CSET
373,VA,FS1,CSS,QV,D2272,I_CSET
374,VA,FS1,CSS,DCH,D2276,I_CSET
375,VA,FS1,CSS,DCV,D2276,I_CSET
376,VA,FS1,CSS,QH,D2280,I_CSET
377,VA,FS1,CSS,DH,D2290,I_CSET
378,VA,FS1,CSS,DH,D2296,I_CSET
379,VA,FS1,CSS,DH,D2302,I_CSET
380,VA,FS1,CSS,DH,D2308,I_CSET
381,VA,FS1,MGB01,CAV,D2320,PHA_CSET
382,VA,FS1,MGB01,CAV,D2320,AMPL_CSET
383,VA,FS1,MGB01,CAV,D2323,PHA_CSET
384,VA,FS1,MGB01,CAV,D2323,AMPL_CSET
385,VA,FS1,MGB01,CAV,D2327,PHA_CSET
386,VA,FS1,MGB01,CAV,D2327,AMPL_CSET
387,VA,FS1,MGB01,CAV,D2330,PHA_CSET
388,VA,FS1,MGB01,CAV,D2330,AMPL_CSET
389,VA,FS1,CSS,DCH,D2351,I_CSET
390,VA,FS1,CSS,DCV,D2351,I_CSET
391,VA,FS1,CSS,QH,D2356,I_CSET
392,VA,FS1,CSS,QH,D2362,I_CSET
393,VA,FS1,CSS,DCH,D2367,I_CSET
394,VA,FS1,CSS,DCV,D2367,I_CSET
395,VA,FS1,CSS,QV,D2372,I_CSET
396,VA,FS1,CSS,QH,D2377,I_CSET
397,VA,FS1,CSS,DCH,D2381,I_CSET
398,VA,FS1,CSS,DCV,D2381,I_CSET
399,VA,FS1,BBS,DH,D2394,I_CSET
400,VA,FS1,BBS,DCH,D2412,I_CSET
401,VA,FS1,BBS,DCV,D2412,I_CSET
402,VA,FS1,BBS,QH,D2416,I_CSET
403,VA,FS1,BBS,S,D2419,B3_CSET
404,VA,FS1,BBS,QV,D2424,I_CSET
405,VA,FS1,BBS,DH,D2435,I_CSET
406,VA,FS1,BBS,DH,D2453,I_CSET
407,VA,FS1,BBS,QV,D2463,I_CSET
408,VA,FS1,BBS,S,D2469,B3_CSET
409,VA,FS1,BBS,QH,D2472,I_CSET
410,VA,FS1,BBS,DCH,D2476,I_CSET
411,VA,FS1,BBS,DCV,D2476,I_CSET
412,VA,FS1,BBS,DH,D2494,I_CSET
413,VA,FS1,BMS,DCH,D2507,I_CSET
414,VA,FS1,BMS,DCV,D2507,I_CSET
415,VA,FS1,BMS,QV,D2511,I_CSET
416,VA,FS1,BMS,QH,D2515,I_CSET
417,VA,FS1,BMS,DCH,D2534,I_CSET
418,VA,FS1,BMS,DCV,D2534,I_CSET
419,VA,FS1,BMS,QV,D2539,I_CSET
420,VA,FS1,BMS,QH,D2563,I_CSET
421,VA,FS1,BMS,DCH,D2584,I_CSET
422,VA,FS1,BMS,DCV,D2584,I_CSET
423,VA,FS1,BMS,QV,D2590,I_CSET
424,VA,FS1,BMS,QH,D2597,I_CSET
425,VA,FS1,MGB02,CAV,D2606,PHA_CSET
426,VA,FS1,MGB02,CAV,D2606,AMPL_CSET
427,VA,FS1,MGB02,CAV,D2609,PHA_CSET
428,VA,FS1,MGB02,CAV,D2609,AMPL_CSET
429,VA,FS1,MGB02,CAV,D2613,PHA_CSET
430,VA,FS1,MGB02,CAV,D2613,AMPL_CSET
431,VA,FS1,MGB02,CAV,D2616,PHA_CSET
432,VA,FS1,MGB02,CAV,D2616,AMPL_CSET
433,VA,FS1,BMS,DCH,D2640,I_CSET
434,VA,FS1,BMS,DCV,D2640,I_CSET
435,VA,FS1,BMS,QH,D2645,I_CSET
436,VA,FS1,BMS,QV,D2654,I_CSET
437,VA,FS1,BMS,DCH,D2662,I_CSET
438,VA,FS1,BMS,DCV,D2662,I_CSET
439,VA,FS1,BMS,QH,D2666,I_CSET
440,VA,FS1,BMS,QH,D2679,I_CSET
441,VA,FS1,BMS,DCH,D2688,I_CSET
442,VA,FS1,BMS,DCV,D2688,I_CSET
443,VA,FS1,BMS,QV,D2693,I_CSET
444,VA,FS1,BMS,QH,D2698,I_CSET
445,VA,SVR,,RATE,,
446,VA,SVR,,CNT,,
447,VA,SVR,,NOISE,,
448,VA,SVR,,BEAM,,
449,VA,SVR,,STATUS,,
450,VA,SVR,,MpsStatus,,
451,VA,LS1,CA01,CAV1,D1127,PHA_RSET
452,VA,LS1,CA01,CAV1,D1127,PHA_RD
453,VA,LS1,CA01,CAV1,D1127,AMPL_RSET
454,VA,LS1,CA01,CAV1,D1127,AMPL_RD
455,VA,LS1,CA01,BPM,D1129,X_RD
456,VA,LS1,CA01,BPM,D1129,Y_RD
457,VA,LS1,CA01,BPM,D1129,PHA_RD
458,VA,LS1,CA01,BPM,D1129,ENG_RD
459,VA,LS1,CA01,SOL1,D1132,I_RSET
460,VA,LS1,CA01,SOL1,D1132,I_RD
461,VA,LS1,CA01,DCH,D1132,I_RSET
462,VA,LS1,CA01,DCH,D1132,I_RD
463,VA,LS1,CA01,DCV,D1132,I_RSET
464,VA,LS1,CA01,DCV,D1132,I_RD
465,VA,LS1,CA01,CAV2,D1136,PHA_RSET
466,VA,LS1,CA01,CAV2,D1136,PHA_RD
467,VA,LS1,CA01,CAV2,D1136,AMPL_RSET
468,VA,LS1,CA01,CAV2,D1136,AMPL_RD
469,VA,LS1,CA01,CAV3,D1142,PHA_RSET
470,VA,LS1,CA01,CAV3,D1142,PHA_RD
471,VA,LS1,CA01,CAV3,D1142,AMPL_RSET
472,VA,LS1,CA01,CAV3,D1142,AMPL_RD
473,VA,LS1,CA01,BPM,D1144,X_RD
474,VA,LS1,CA01,BPM,D1144,Y_RD
475,VA,LS1,CA01,BPM,D1144,PHA_RD
476,VA,LS1,CA01,BPM,D1144,ENG_RD
477,VA,LS1,CA01,SOL2,D1146,I_RSET
478,VA,LS1,CA01,SOL2,D1146,I_RD
479,VA,LS1,CA01,DCH,D1146,I_RSET
480,VA,LS1,CA01,DCH,D1146,I_RD
481,VA,LS1,CA01,DCV,D1146,I_RSET
482,VA,LS1,CA01,DCV,D1146,I_RD
483,VA,LS1,CA01,CAV4,D1150,PHA_RSET
484,VA,LS1,CA01,CAV4,D1150,PHA_RD
485,VA,LS1,CA01,CAV4,D1150,AMPL_RSET
486,VA,LS1,CA01,CAV4,D1150,AMPL_RD
487,VA,LS1,WA01,BPM,D1155,X_RD
488,VA,LS1,WA01,BPM,D1155,Y_RD
489,VA,LS1,WA01,BPM,D1155,PHA_RD
490,VA,LS1,WA01,BPM,D1155,ENG_RD
491,VA,LS1,CA02,CAV1,D1161,PHA_RSET
492,VA,LS1,CA02,CAV1,D1161,PHA_RD
493,VA,LS1,CA02,CAV1,D1161,AMPL_RSET
494,VA,LS1,CA02,CAV1,D1161,AMPL_RD
495,VA,LS1,CA02,BPM,D1163,X_RD
496,VA,LS1,CA02,BPM,D1163,Y_RD
497,VA,LS1,CA02,BPM,D1163,PHA_RD
498,VA,LS1,CA02,BPM,D1163,ENG_RD
499,VA,LS1,CA02,SOL1,D1165,I_RSET
500,VA,LS1,CA02,SOL1,D1165,I_RD
501,VA,LS1,CA02,DCH,D1165,I_RSET
502,VA,LS1,CA02,DCH,D1165,I_RD
503,VA,LS1,CA02,DCV,D1165,I_RSET
504,VA,LS1,CA02,DCV,D1165,I_RD
505,VA,LS1,CA02,CAV2,D1169,PHA_RSET
506,VA,LS1,CA02,CAV2,D1169,PHA_RD
507,VA,LS1,CA02,CAV2,D1169,AMPL_RSET
508,VA,LS1,CA02,CAV2,D1169,AMPL_RD
509,VA,LS1,CA02,CAV3,D1176,PHA_RSET
510,VA,LS1,CA02,CAV3,D1176,PHA_RD
511,VA,LS1,CA02,CAV3,D1176,AMPL_RSET
512,VA,LS1,CA02,CAV3,D1176,AMPL_RD
513,VA,LS1,CA02,BPM,D1177,X_RD
514,VA,LS1,CA02,BPM,D1177,Y_RD
515,VA,LS1,CA02,BPM,D1177,PHA_RD
516,VA,LS1,CA02,BPM,D1177,ENG_RD
517,VA,LS1,CA02,SOL2,D1180,I_RSET
518,VA,LS1,CA02,SOL2,D1180,I_RD
519,VA,LS1,CA02,DCH,D1180,I_RSET
520,VA,LS1,CA02,DCH,D1180,I_RD
521,VA,LS1,CA02,DCV,D1180,I_RSET
522,VA,LS1,CA02,DCV,D1180,I_RD
523,VA,LS1,CA02,CAV4,D1184,PHA_RSET
524,VA,LS1,CA02,CAV4,D1184,PHA_RD
525,VA,LS1,CA02,CAV4,D1184,AMPL_RSET
526,VA,LS1,CA02,CAV4,D1184,AMPL_RD
527,VA,LS1,WA02,BPM,D1188,X_RD
528,VA,LS1,WA02,BPM,D1188,Y_RD
529,VA,LS1,WA02,BPM,D1188,PHA_RD
530,VA,LS1,WA02,BPM,D1188,ENG_RD
531,VA,LS1,CA03,CAV1,D1195,PHA_RSET
532,VA,LS1,CA03,CAV1,D1195,PHA_RD
533,VA,LS1,CA03,CAV1,D1195,AMPL_RSET
534,VA,LS1,CA03,CAV1,D1195,AMPL_RD
535,VA,LS1,CA03,BPM,D1196,X_RD
536,VA,LS1,CA03,BPM,D1196,Y_RD
537,VA,LS1,CA03,BPM,D1196,PHA_RD
538,VA,LS1,CA03,BPM,D1196,ENG_RD
539,VA,LS1,CA03,SOL1,D1199,I_RSET
540,VA,LS1,CA03,SOL1,D1199,I_RD
541,VA,LS1,CA03,DCH,D1199,I_RSET
542,VA,LS1,CA03,DCH,D1199,I_RD
543,VA,LS1,CA03,DCV,D1199,I_RSET
544,VA,LS1,CA03,DCV,D1199,I_RD
545,VA,LS1,CA03,CAV2,D1203,PHA_RSET
546,VA,LS1,CA03,CAV2,D1203,PHA_RD
547,VA,LS1,CA03,CAV2,D1203,AMPL_RSET
548,VA,LS1,CA03,CAV2,D1203,AMPL_RD
549,VA,LS1,CA03,CAV3,D1209,PHA_RSET
550,VA,LS1,CA03,CAV3,D1209,PHA_RD
551,VA,LS1,CA03,CAV3,D1209,AMPL_RSET
552,VA,LS1,CA03,CAV3,D1209,AMPL_RD
553,VA,LS1,CA03,BPM,D1211,X_RD
554,VA,LS1,CA03,BPM,D1211,Y_RD
555,VA,LS1,CA03,BPM,D1211,PHA_RD
556,VA,LS1,CA03,BPM,D1211,ENG_RD
557,VA,LS1,CA03,SOL2,D1214,I_RSET
558,VA,LS1,CA03,SOL2,D1214,I_RD
559,VA,LS1,CA03,DCH,D1214,I_RSET
560,VA,LS1,CA03,DCH,D1214,I_RD
561,VA,LS1,CA03,DCV,D1214,I_RSET
562,VA,LS1,CA03,DCV,D1214,I_RD
563,VA,LS1,CA03,CAV4,D1218,PHA_RSET
564,VA,LS1,CA03,CAV4,D1218,PHA_RD
565,VA,LS1,CA03,CAV4,D1218,AMPL_RSET
566,VA,LS1,CA03,CAV4,D1218,AMPL_RD
567,VA,LS1,WA03,BPM,D1222,X_RD
568,VA,LS1,WA03,BPM,D1222,Y_RD
569,VA,LS1,WA03,BPM,D1222,PHA_RD
570,VA,LS1,WA03,BPM,D1222,ENG_RD
571,VA,LS1,CB01,CAV1,D1229,PHA_RSET
572,VA,LS1,CB01,CAV1,D1229,PHA_RD
573,VA,LS1,CB01,CAV1,D1229,AMPL_RSET
574,VA,LS1,CB01,CAV1,D1229,AMPL_RD
575,VA,LS1,CB01,BPM,D1231,X_RD
576,VA,LS1,CB01,BPM,D1231,Y_RD
577,VA,LS1,CB01,BPM,D1231,PHA_RD
578,VA,LS1,CB01,BPM,D1231,ENG_RD
579,VA,LS1,CB01,SOL1,D1235,I_RSET
580,VA,LS1,CB01,SOL1,D1235,I_RD
581,VA,LS1,CB01,DCH,D1235,I_RSET
582,VA,LS1,CB01,DCH,D1235,I_RD
583,VA,LS1,CB01,DCV,D1235,I_RSET
584,VA,LS1,CB01,DCV,D1235,I_RD
585,VA,LS1,CB01,CAV2,D1241,PHA_RSET
586,VA,LS1,CB01,CAV2,D1241,PHA_RD
587,VA,LS1,CB01,CAV2,D1241,AMPL_RSET
588,VA,LS1,CB01,CAV2,D1241,AMPL_RD
589,VA,LS1,CB01,CAV3,D1245,PHA_RSET
590,VA,LS1,CB01,CAV3,D1245,PHA_RD
591,VA,LS1,CB01,CAV3,D1245,AMPL_RSET
592,VA,LS1,CB01,CAV3,D1245,AMPL_RD
593,VA,LS1,CB01,CAV4,D1249,PHA_RSET
594,VA,LS1,CB01,CAV4,D1249,PHA_RD
595,VA,LS1,CB01,CAV4,D1249,AMPL_RSET
596,VA,LS1,CB01,CAV4,D1249,AMPL_RD
597,VA,LS1,CB01,BPM,D1251,X_RD
598,VA,LS1,CB01,BPM,D1251,Y_RD
599,VA,LS1,CB01,BPM,D1251,PHA_RD
600,VA,LS1,CB01,BPM,D1251,ENG_RD
601,VA,LS1,CB01,SOL2,D1255,I_RSET
602,VA,LS1,CB01,SOL2,D1255,I_RD
603,VA,LS1,CB01,DCH,D1255,I_RSET
604,VA,LS1,CB01,DCH,D1255,I_RD
605,VA,LS1,CB01,DCV,D1255,I_RSET
606,VA,LS1,CB01,DCV,D1255,I_RD
607,VA,LS1,CB01,CAV5,D1261,PHA_RSET
608,VA,LS1,CB01,CAV5,D1261,PHA_RD
609,VA,LS1,CB01,CAV5,D1261,AMPL_RSET
610,VA,LS1,CB01,CAV5,D1261,AMPL_RD
611,VA,LS1,CB01,CAV6,D1265,PHA_RSET
612,VA,LS1,CB01,CAV6,D1265,PHA_RD
613,VA,LS1,CB01,CAV6,D1265,AMPL_RSET
614,VA,LS1,CB01,CAV6,D1265,AMPL_RD
615,VA,LS1,CB01,CAV7,D1269,PHA_RSET
616,VA,LS1,CB01,CAV7,D1269,PHA_RD
617,VA,LS1,CB01,CAV7,D1269,AMPL_RSET
618,VA,LS1,CB01,CAV7,D1269,AMPL_RD
619,VA,LS1,CB01,BPM,D1271,X_RD
620,VA,LS1,CB01,BPM,D1271,Y_RD
621,VA,LS1,CB01,BPM,D1271,PHA_RD
622,VA,LS1,CB01,BPM,D1271,ENG_RD
623,VA,LS1,CB01,SOL3,D1275,I_RSET
624,VA,LS1,CB01,SOL3,D1275,I_RD
625,VA,LS1,CB01,DCH,D1275,I_RSET
626,VA,LS1,CB01,DCH,D1275,I_RD
627,VA,LS1,CB01,DCV,D1275,I_RSET
628,VA,LS1,CB01,DCV,D1275,I_RD
629,VA,LS1,CB01,CAV8,D1281,PHA_RSET
630,VA,LS1,CB01,CAV8,D1281,PHA_RD
631,VA,LS1,CB01,CAV8,D1281,AMPL_RSET
632,VA,LS1,CB01,CAV8,D1281,AMPL_RD
633,VA,LS1,WB01,BPM,D1286,X_RD
634,VA,LS1,WB01,BPM,D1286,Y_RD
635,VA,LS1,WB01,BPM,D1286,PHA_RD
636,VA,LS1,WB01,BPM,D1286,ENG_RD
637,VA,LS1,CB02,CAV1,D1293,PHA_RSET
638,VA,LS1,CB02,CAV1,D1293,PHA_RD
639,VA,LS1,CB02,CAV1,D1293,AMPL_RSET
640,VA,LS1,CB02,CAV1,D1293,AMPL_RD
641,VA,LS1,CB02,BPM,D1295,X_RD
642,VA,LS1,CB02,BPM,D1295,Y_RD
643,VA,LS1,CB02,BPM,D1295,PHA_RD
644,VA,LS1,CB02,BPM,D1295,ENG_RD
645,VA,LS1,CB02,SOL1,D1299,I_RSET
646,VA,LS1,CB02,SOL1,D1299,I_RD
647,VA,LS1,CB02,DCH,D1299,I_RSET
648,VA,LS1,CB02,DCH,D1299,I_RD
649,VA,LS1,CB02,DCV,D1299,I_RSET
650,VA,LS1,CB02,DCV,D1299,I_RD
651,VA,LS1,CB02,CAV2,D1305,PHA_RSET
652,VA,LS1,CB02,CAV2,D1305,PHA_RD
653,VA,LS1,CB02,CAV2,D1305,AMPL_RSET
654,VA,LS1,CB02,CAV2,D1305,AMPL_RD
655,VA,LS1,CB02,CAV3,D1309,PHA_RSET
656,VA,LS1,CB02,CAV3,D1309,PHA_RD
657,VA,LS1,CB02,CAV3,D1309,AMPL_RSET
658,VA,LS1,CB02,CAV3,D1309,AMPL_RD
659,VA,LS1,CB02,CAV4,D1313,PHA_RSET
660,VA,LS1,CB02,CAV4,D1313,PHA_RD
661,VA,LS1,CB02,CAV4,D1313,AMPL_RSET
662,VA,LS1,CB02,CAV4,D1313,AMPL_RD
663,VA,LS1,CB02,BPM,D1315,X_RD
664,VA,LS1,CB02,BPM,D1315,Y_RD
665,VA,LS1,CB02,BPM,D1315,PHA_RD
666,VA,LS1,CB02,BPM,D1315,ENG_RD
667,VA,LS1,CB02,SOL2,D1319,I_RSET
668,VA,LS1,CB02,SOL2,D1319,I_RD
669,VA,LS1,CB02,DCH,D1319,I_RSET
670,VA,LS1,CB02,DCH,D1319,I_RD
671,VA,LS1,CB02,DCV,D1319,I_RSET
672,VA,LS1,CB02,DCV,D1319,I_RD
673,VA,LS1,CB02,CAV5,D1325,PHA_RSET
674,VA,LS1,CB02,CAV5,D1325,PHA_RD
675,VA,LS1,CB02,CAV5,D1325,AMPL_RSET
676,VA,LS1,CB02,CAV5,D1325,AMPL_RD
677,VA,LS1,CB02,CAV6,D1329,PHA_RSET
678,VA,LS1,CB02,CAV6,D1329,PHA_RD
679,VA,LS1,CB02,CAV6,D1329,AMPL_RSET
680,VA,LS1,CB02,CAV6,D1329,AMPL_RD
681,VA,LS1,CB02,CAV7,D1333,PHA_RSET
682,VA,LS1,CB02,CAV7,D1333,PHA_RD
683,VA,LS1,CB02,CAV7,D1333,AMPL_RSET
684,VA,LS1,CB02,CAV7,D1333,AMPL_RD
685,VA,LS1,CB02,BPM,D1335,X_RD
686,VA,LS1,CB02,BPM,D1335,Y_RD
687,VA,LS1,CB02,BPM,D1335,PHA_RD
688,VA,LS1,CB02,BPM,D1335,ENG_RD
689,VA,LS1,CB02,SOL3,D1339,I_RSET
690,VA,LS1,CB02,SOL3,D1339,I_RD
691,VA,LS1,CB02,DCH,D1339,I_RSET
692,VA,LS1,CB02,DCH,D1339,I_RD
693,VA,LS1,CB02,DCV,D1339,I_RSET
694,VA,LS1,CB02,DCV,D1339,I_RD
695,VA,LS1,CB02,CAV8,D1345,PHA_RSET
696,VA,LS1,CB02,CAV8,D1345,PHA_RD
697,VA,LS1,CB02,CAV8,D1345,AMPL_RSET
698,VA,LS1,CB02,CAV8,D1345,AMPL_RD
699,VA,LS1,WB02,BPM,D1350,X_RD
700,VA,LS1,WB02,BPM,D1350,Y_RD
701,VA,LS1,WB02,BPM,D1350,PHA_RD
702,VA,LS1,WB02,BPM,D1350,ENG_RD
703,VA,LS1,CB03,CAV1,D1356,PHA_RSET
704,VA,LS1,CB03,CAV1,D1356,PHA_RD
705,VA,LS1,CB03,CAV1,D1356,AMPL_RSET
706,VA,LS1,CB03,CAV1,D1356,AMPL_RD
707,VA,LS1,CB03,BPM,D1359,X_RD
708,VA,LS1,CB03,BPM,D1359,Y_RD
709,VA,LS1,CB03,BPM,D1359,PHA_RD
710,VA,LS1,CB03,BPM,D1359,ENG_RD
711,VA,LS1,CB03,SOL1,D1363,I_RSET
712,VA,LS1,CB03,SOL1,D1363,I_RD
713,VA,LS1,CB03,DCH,D1363,I_RSET
714,VA,LS1,CB03,DCH,D1363,I_RD
715,VA,LS1,CB03,DCV,D1363,I_RSET
716,VA,LS1,CB03,DCV,D1363,I_RD
717,VA,LS1,CB03,CAV2,D1368,PHA_RSET
718,VA,LS1,CB03,CAV2,D1368,PHA_RD
719,VA,LS1,CB03,CAV2,D1368,AMPL_RSET
720,VA,LS1,CB03,CAV2,D1368,AMPL_RD
721,VA,LS1,CB03,CAV3,D1372,PHA_RSET
722,VA,LS1,CB03,CAV3,D1372,PHA_RD
723,VA,LS1,CB03,CAV3,D1372,AMPL_RSET
724,VA,LS1,CB03,CAV3,D1372,AMPL_RD
725,VA,LS1,CB03,CAV4,D1376,PHA_RSET
726,VA,LS1,CB03,CAV4,D1376,PHA_RD
727,VA,LS1,CB03,CAV4,D1376,AMPL_RSET
728,VA,LS1,CB03,CAV4,D1376,AMPL_RD
729,VA,LS1,CB03,BPM,D1379,X_RD
730,VA,LS1,CB03,BPM,D1379,Y_RD
731,VA,LS1,CB03,BPM,D1379,PHA_RD
732,VA,LS1,CB03,BPM,D1379,ENG_RD
733,VA,LS1,CB03,SOL2,D1383,I_RSET
734,VA,LS1,CB03,SOL2,D1383,I_RD
735,VA,LS1,CB03,DCH,D1383,I_RSET
736,VA,LS1,CB03,DCH,D1383,I_RD
737,VA,LS1,CB03,DCV,D1383,I_RSET
738,VA,LS1,CB03,DCV,D1383,I_RD
739,VA,LS1,CB03,CAV5,D1388,PHA_RSET
740,VA,LS1,CB03,CAV5,D1388,PHA_RD
741,VA,LS1,CB03,CAV5,D1388,AMPL_RSET
742,VA,LS1,CB03,CAV5,D1388,AMPL_RD
743,VA,LS1,CB03,CAV6,D1392,PHA_RSET
744,VA,LS1,CB03,CAV6,D1392,PHA_RD
745,VA,LS1,CB03,CAV6,D1392,AMPL_RSET
746,VA,LS1,CB03,CAV6,D1392,AMPL_RD
747,VA,LS1,CB03,CAV7,D1396,PHA_RSET
748,VA,LS1,CB03,CAV7,D1396,PHA_RD
749,VA,LS1,CB03,CAV7,D1396,AMPL_RSET
750,VA,LS1,CB03,CAV7,D1396,AMPL_RD
751,VA,LS1,CB03,BPM,D1399,X_RD
752,VA,LS1,CB03,BPM,D1399,Y_RD
753,VA,LS1,CB03,BPM,D1399,PHA_RD
754,VA,LS1,CB03,BPM,D1399,ENG_RD
755,VA,LS1,CB03,SOL3,D1403,I_RSET
756,VA,LS1,CB03,SOL3,D1403,I_RD
757,VA,LS1,CB03,DCH,D1403,I_RSET
758,VA,LS1,CB03,DCH,D1403,I_RD
759,VA,LS1,CB03,DCV,D1403,I_RSET
760,VA,LS1,CB03,DCV,D1403,I_RD
761,VA,LS1,CB03,CAV8,D1408,PHA_RSET
762,VA,LS1,CB03,CAV8,D1408,PHA_RD
763,VA,LS1,CB03,CAV8,D1408,AMPL_RSET
764,VA,LS1,CB03,CAV8,D1408,AMPL_RD
765,VA,LS1,WB03,BPM,D1413,X_RD
766,VA,LS1,WB03,BPM,D1413,Y_RD
767,VA,LS1,WB03,BPM,D1413,PHA_RD
768,VA,LS1,WB03,BPM,D1413,ENG_RD
769,VA,LS1,CB04,CAV1,D1420,PHA_RSET
770,VA,LS1,CB04,CAV1,D1420,PHA_RD
771,VA,LS1,CB04,CAV1,D1420,AMPL_RSET
772,VA,LS1,CB04,CAV1,D1420,AMPL_RD
773,VA,LS1,CB04,BPM,D1423,X_RD
774,VA,LS1,CB04,BPM,D1423,Y_RD
775,VA,LS1,CB04,BPM,D1423,PHA_RD
776,VA,LS1,CB04,BPM,D1423,ENG_RD
777,VA,LS1,CB04,SOL1,D1426,I_RSET
778,VA,LS1,CB04,SOL1,D1426,I_RD
779,VA,LS1,CB04,DCH,D1426,I_RSET
780,VA,LS1,CB04,DCH,D1426,I_RD
781,VA,LS1,CB04,DCV,D1426,I_RSET
782,VA,LS1,CB04,DCV,D1426,I_RD
783,VA,LS1,CB04,CAV2,D1432,PHA_RSET
784,VA,LS1,CB04,CAV2,D1432,PHA_RD
785,VA,LS1,CB04,CAV2,D1432,AMPL_RSET
786,VA,LS1,CB04,CAV2,D1432,AMPL_RD
787,VA,LS1,CB04,CAV3,D1436,PHA_RSET
788,VA,LS1,CB04,CAV3,D1436,PHA_RD
789,VA,LS1,CB04,CAV3,D1436,AMPL_RSET
790,VA,LS1,CB04,CAV3,D1436,AMPL_RD
791,VA,LS1,CB04,CAV4,D1440,PHA_RSET
792,VA,LS1,CB04,CAV4,D1440,PHA_RD
793,VA,LS1,CB04,CAV4,D1440,AMPL_RSET
794,VA,LS1,CB04,CAV4,D1440,AMPL_RD
795,VA,LS1,CB04,BPM,D1442,X_RD
796,VA,LS1,CB04,BPM,D1442,Y_RD
797,VA,LS1,CB04,BPM,D1442,PHA_RD
798,VA,LS1,CB04,BPM,D1442,ENG_RD
799,VA,LS1,CB04,SOL2,D1446,I_RSET
800,VA,LS1,CB04,SOL2,D1446,I_RD
801,VA,LS1,CB04,DCH,D1446,I_RSET
802,VA,LS1,CB04,DCH,D1446,I_RD
803,VA,LS1,CB04,DCV,D1446,I_RSET
804,VA,LS1,CB04,DCV,D1446,I_RD
805,VA,LS1,CB04,CAV5,D1452,PHA_RSET
806,VA,LS1,CB04,CAV5,D1452,PHA_RD
807,VA,LS1,CB04,CAV5,D1452,AMPL_RSET
808,VA,LS1,CB04,CAV5,D1452,AMPL_RD
809,VA,LS1,CB04,CAV6,D1456,PHA_RSET
810,VA,LS1,CB04,CAV6,D1456,PHA_RD
811,VA,LS1,CB04,CAV6,D1456,AMPL_RSET
812,VA,LS1,CB04,CAV6,D1456,AMPL_RD
813,VA,LS1,CB04,CAV7,D1460,PHA_RSET
814,VA,LS1,CB04,CAV7,D1460,PHA_RD
815,VA,LS1,CB04,CAV7,D1460,AMPL_RSET
816,VA,LS1,CB04,CAV7,D1460,AMPL_RD
817,VA,LS1,CB04,BPM,D1462,X_RD
818,VA,LS1,CB04,BPM,D1462,Y_RD
819,VA,LS1,CB04,BPM,D1462,PHA_RD
820,VA,LS1,CB04,BPM,D1462,ENG_RD
821,VA,LS1,CB04,SOL3,D1466,I_RSET
822,VA,LS1,CB04,SOL3,D1466,I_RD
823,VA,LS1,CB04,DCH,D1466,I_RSET
824,VA,LS1,CB04,DCH,D1466,I_RD
825,VA,LS1,CB04,DCV,D1466,I_RSET
826,VA,LS1,CB04,DCV,D1466,I_RD
827,VA,LS1,CB04,CAV8,D1472,PHA_RSET
828,VA,LS1,CB04,CAV8,D1472,PHA_RD
829,VA,LS1,CB04,CAV8,D1472,AMPL_RSET
830,VA,LS1,CB04,CAV8,D1472,AMPL_RD
831,VA,LS1,WB04,BPM,D1477,X_RD
832,VA,LS1,WB04,BPM,D1477,Y_RD
833,VA,LS1,WB04,BPM,D1477,PHA_RD
834,VA,LS1,WB04,BPM,D1477,ENG_RD
835,VA,LS1,CB05,CAV1,D1484,PHA_RSET
836,VA,LS1,CB05,CAV1,D1484,PHA_RD
837,VA,LS1,CB05,CAV1,D1484,AMPL_RSET
838,VA,LS1,CB05,CAV1,D1484,AMPL_RD
839,VA,LS1,CB05,BPM,D1486,X_RD
840,VA,LS1,CB05,BPM,D1486,Y_RD
841,VA,LS1,CB05,BPM,D1486,PHA_RD
842,VA,LS1,CB05,BPM,D1486,ENG_RD
843,VA,LS1,CB05,SOL1,D1490,I_RSET
844,VA,LS1,CB05,SOL1,D1490,I_RD
845,VA,LS1,CB05,DCH,D1490,I_RSET
846,VA,LS1,CB05,DCH,D1490,I_RD
847,VA,LS1,CB05,DCV,D1490,I_RSET
848,VA,LS1,CB05,DCV,D1490,I_RD
849,VA,LS1,CB05,CAV2,D1496,PHA_RSET
850,VA,LS1,CB05,CAV2,D1496,PHA_RD
851,VA,LS1,CB05,CAV2,D1496,AMPL_RSET
852,VA,LS1,CB05,CAV2,D1496,AMPL_RD
853,VA,LS1,CB05,CAV3,D1500,PHA_RSET
854,VA,LS1,CB05,CAV3,D1500,PHA_RD
855,VA,LS1,CB05,CAV3,D1500,AMPL_RSET
856,VA,LS1,CB05,CAV3,D1500,AMPL_RD
857,VA,LS1,CB05,CAV4,D1504,PHA_RSET
858,VA,LS1,CB05,CAV4,D1504,PHA_RD
859,VA,LS1,CB05,CAV4,D1504,AMPL_RSET
860,VA,LS1,CB05,CAV4,D1504,AMPL_RD
861,VA,LS1,CB05,BPM,D1506,X_RD
862,VA,LS1,CB05,BPM,D1506,Y_RD
863,VA,LS1,CB05,BPM,D1506,PHA_RD
864,VA,LS1,CB05,BPM,D1506,ENG_RD
865,VA,LS1,CB05,SOL2,D1510,I_RSET
866,VA,LS1,CB05,SOL2,D1510,I_RD
867,VA,LS1,CB05,DCH,D1510,I_RSET
868,VA,LS1,CB05,DCH,D1510,I_RD
869,VA,LS1,CB05,DCV,D1510,I_RSET
870,VA,LS1,CB05,DCV,D1510,I_RD
871,VA,LS1,CB05,CAV5,D1516,PHA_RSET
872,VA,LS1,CB05,CAV5,D1516,PHA_RD
873,VA,LS1,CB05,CAV5,D1516,AMPL_RSET
874,VA,LS1,CB05,CAV5,D1516,AMPL_RD
875,VA,LS1,CB05,CAV6,D1520,PHA_RSET
876,VA,LS1,CB05,CAV6,D1520,PHA_RD
877,VA,LS1,CB05,CAV6,D1520,AMPL_RSET
878,VA,LS1,CB05,CAV6,D1520,AMPL_RD
879,VA,LS1,CB05,CAV7,D1524,PHA_RSET
880,VA,LS1,CB05,CAV7,D1524,PHA_RD
881,VA,LS1,CB05,CAV7,D1524,AMPL_RSET
882,VA,LS1,CB05,CAV7,D1524,AMPL_RD
883,VA,LS1,CB05,BPM,D1526,X_RD
884,VA,LS1,CB05,BPM,D1526,Y_RD
885,VA,LS1,CB05,BPM,D1526,PHA_RD
886,VA,LS1,CB05,BPM,D1526,ENG_RD
887,VA,LS1,CB05,SOL3,D1530,I_RSET
888,VA,LS1,CB05,SOL3,D1530,I_RD
889,VA,LS1,CB05,DCH,D1530,I_RSET
890,VA,LS1,CB05,DCH,D1530,I_RD
891,VA,LS1,CB05,DCV,D1530,I_RSET
892,VA,LS1,CB05,DCV,D1530,I_RD
893,VA,LS1,CB05,CAV8,D1536,PHA_RSET
894,VA,LS1,CB05,CAV8,D1536,PHA_RD
895,VA,LS1,CB05,CAV8,D1536,AMPL_RSET
896,VA,LS1,CB05,CAV8,D1536,AMPL_RD
897,VA,LS1,WB05,BPM,D1541,X_RD
898,VA,LS1,WB05,BPM,D1541,Y_RD
899,VA,LS1,WB05,BPM,D1541,PHA_RD
900,VA,LS1,WB05,BPM,D1541,ENG_RD
901,VA,LS1,CB06,CAV1,D1548,PHA_RSET
902,VA,LS1,CB06,CAV1,D1548,PHA_RD
903,VA,LS1,CB06,CAV1,D1548,AMPL_RSET
904,VA,LS1,CB06,CAV1,D1548,AMPL_RD
905,VA,LS1,CB06,BPM,D1550,X_RD
906,VA,LS1,CB06,BPM,D1550,Y_RD
907,VA,LS1,CB06,BPM,D1550,PHA_RD
908,VA,LS1,CB06,BPM,D1550,ENG_RD
909,VA,LS1,CB06,SOL1,D1554,I_RSET
910,VA,LS1,CB06,SOL1,D1554,I_RD
911,VA,LS1,CB06,DCH,D1554,I_RSET
912,VA,LS1,CB06,DCH,D1554,I_RD
913,VA,LS1,CB06,DCV,D1554,I_RSET
914,VA,LS1,CB06,DCV,D1554,I_RD
915,VA,LS1,CB06,CAV2,D1560,PHA_RSET
916,VA,LS1,CB06,CAV2,D1560,PHA_RD
917,VA,LS1,CB06,CAV2,D1560,AMPL_RSET
918,VA,LS1,CB06,CAV2,D1560,AMPL_RD
919,VA,LS1,CB06,CAV3,D1564,PHA_RSET
920,VA,LS1,CB06,CAV3,D1564,PHA_RD
921,VA,LS1,CB06,CAV3,D1564,AMPL_RSET
922,VA,LS1,CB06,CAV3,D1564,AMPL_RD
923,VA,LS1,CB06,CAV4,D1567,PHA_RSET
924,VA,LS1,CB06,CAV4,D1567,PHA_RD
925,VA,LS1,CB06,CAV4,D1567,AMPL_RSET
926,VA,LS1,CB06,CAV4,D1567,AMPL_RD
927,VA,LS1,CB06,BPM,D1570,X_RD
928,VA,LS1,CB06,BPM,D1570,Y_RD
929,VA,LS1,CB06,BPM,D1570,PHA_RD
930,VA,LS1,CB06,BPM,D1570,ENG_RD
931,VA,LS1,CB06,SOL2,D1574,I_RSET
932,VA,LS1,CB06,SOL2,D1574,I_RD
933,VA,LS1,CB06,DCH,D1574,I_RSET
934,VA,LS1,CB06,DCH,D1574,I_RD
935,VA,LS1,CB06,DCV,D1574,I_RSET
936,VA,LS1,CB06,DCV,D1574,I_RD
937,VA,LS1,CB06,CAV5,D1580,PHA_RSET
938,VA,LS1,CB06,CAV5,D1580,PHA_RD
939,VA,LS1,CB06,CAV5,D1580,AMPL_RSET
940,VA,LS1,CB06,CAV5,D1580,AMPL_RD
941,VA,LS1,CB06,CAV6,D1583,PHA_RSET
942,VA,LS1,CB06,CAV6,D1583,PHA_RD
943,VA,LS1,CB06,CAV6,D1583,AMPL_RSET
944,VA,LS1,CB06,CAV6,D1583,AMPL_RD
945,VA,LS1,CB06,CAV7,D1587,PHA_RSET
946,VA,LS1,CB06,CAV7,D1587,PHA_RD
947,VA,LS1,CB06,CAV7,D1587,AMPL_RSET
948,VA,LS1,CB06,CAV7,D1587,AMPL_RD
949,VA,LS1,CB06,BPM,D1590,X_RD
950,VA,LS1,CB06,BPM,D1590,Y_RD
951,VA,LS1,CB06,BPM,D1590,PHA_RD
952,VA,LS1,CB06,BPM,D1590,ENG_RD
953,VA,LS1,CB06,SOL3,D1594,I_RSET
954,VA,LS1,CB06,SOL3,D1594,I_RD
955,VA,LS1,CB06,DCH,D1594,I_RSET
956,VA,LS1,CB06,DCH,D1594,I_RD
957,VA,LS1,CB06,DCV,D1594,I_RSET
958,VA,LS1,CB06,DCV,D1594,I_RD
959,VA,LS1,CB06,CAV8,D1599,PHA_RSET
960,VA,LS1,CB06,CAV8,D1599,PHA_RD
961,VA,LS1,CB06,CAV8,D1599,AMPL_RSET
962,VA,LS1,CB06,CAV8,D1599,AMPL_RD
963,VA,LS1,WB06,BPM,D1604,X_RD
964,VA,LS1,WB06,BPM,D1604,Y_RD
965,VA,LS1,WB06,BPM,D1604,PHA_RD
966,VA,LS1,WB06,BPM,D1604,ENG_RD
967,VA,LS1,CB07,CAV1,D1611,PHA_RSET
968,VA,LS1,CB07,CAV1,D1611,PHA_RD
969,VA,LS1,CB07,CAV1,D1611,AMPL_RSET
970,VA,LS1,CB07,CAV1,D1611,AMPL_RD
971,VA,LS1,CB07,BPM,D1614,X_RD
972,VA,LS1,CB07,BPM,D1614,Y_RD
973,VA,LS1,CB07,BPM,D1614,PHA_RD
974,VA,LS1,CB07,BPM,D1614,ENG_RD
975,VA,LS1,CB07,SOL1,D1618,I_RSET
976,VA,LS1,CB07,SOL1,D1618,I_RD
977,VA,LS1,CB07,DCH,D1618,I_RSET
978,VA,LS1,CB07,DCH,D1618,I_RD
979,VA,LS1,CB07,DCV,D1618,I_RSET
980,VA,LS1,CB07,DCV,D1618,I_RD
981,VA,LS1,CB07,CAV2,D1623,PHA_RSET
982,VA,LS1,CB07,CAV2,D1623,PHA_RD
983,VA,LS1,CB07,CAV2,D1623,AMPL_RSET
984,VA,LS1,CB07,CAV2,D1623,AMPL_RD
985,VA,LS1,CB07,CAV3,D1627,PHA_RSET
986,VA,LS1,CB07,CAV3,D1627,PHA_RD
987,VA,LS1,CB07,CAV3,D1627,AMPL_RSET
988,VA,LS1,CB07,CAV3,D1627,AMPL_RD
989,VA,LS1,CB07,CAV4,D1631,PHA_RSET
990,VA,LS1,CB07,CAV4,D1631,PHA_RD
991,VA,LS1,CB07,CAV4,D1631,AMPL_RSET
992,VA,LS1,CB07,CAV4,D1631,AMPL_RD
993,VA,LS1,CB07,BPM,D1634,X_RD
994,VA,LS1,CB07,BPM,D1634,Y_RD
995,VA,LS1,CB07,BPM,D1634,PHA_RD
996,VA,LS1,CB07,BPM,D1634,ENG_RD
997,VA,LS1,CB07,SOL2,D1637,I_RSET
998,VA,LS1,CB07,SOL2,D1637,I_RD
999,VA,LS1,CB07,DCH,D1637,I_RSET
1000,VA,LS1,CB07,DCH,D1637,I_RD
1001,VA,LS1,CB07,DCV,D1637,I_RSET
1002,VA,LS1,CB07,DCV,D1637,I_RD
1003,VA,LS1,CB07,CAV5,D1643,PHA_RSET
1004,VA,LS1,CB07,CAV5,D1643,PHA_RD
1005,VA,LS1,CB07,CAV5,D1643,AMPL_RSET
1006,VA,LS1,CB07,CAV5,D1643,AMPL_RD
1007,VA,LS1,CB07,CAV6,D1647,PHA_RSET
1008,VA,LS1,CB07,CAV6,D1647,PHA_RD
1009,VA,LS1,CB07,CAV6,D1647,AMPL_RSET
1010,VA,LS1,CB07,CAV6,D1647,AMPL_RD
1011,VA,LS1,CB07,CAV7,D1651,PHA_RSET
1012,VA,LS1,CB07,CAV7,D1651,PHA_RD
1013,VA,LS1,CB07,CAV7,D1651,AMPL_RSET
1014,VA,LS1,CB07,CAV7,D1651,AMPL_RD
1015,VA,LS1,CB07,BPM,D1654,X_RD
1016,VA,LS1,CB07,BPM,D1654,Y_RD
1017,VA,LS1,CB07,BPM,D1654,PHA_RD
1018,VA,LS1,CB07,BPM,D1654,ENG_RD
1019,VA,LS1,CB07,SOL3,D1657,I_RSET
1020,VA,LS1,CB07,SOL3,D1657,I_RD
1021,VA,LS1,CB07,DCH,D1657,I_RSET
1022,VA,LS1,CB07,DCH,D1657,I_RD
1023,VA,LS1,CB07,DCV,D1657,I_RSET
1024,VA,LS1,CB07,DCV,D1657,I_RD
1025,VA,LS1,CB07,CAV8,D1663,PHA_RSET
1026,VA,LS1,CB07,CAV8,D1663,PHA_RD
1027,VA,LS1,CB07,CAV8,D1663,AMPL_RSET
1028,VA,LS1,CB07,CAV8,D1663,AMPL_RD
1029,VA,LS1,WB07,BPM,D1668,X_RD
1030,VA,LS1,WB07,BPM,D1668,Y_RD
1031,VA,LS1,WB07,BPM,D1668,PHA_RD
1032,VA,LS1,WB07,BPM,D1668,ENG_RD
1033,VA,LS1,CB08,CAV1,D1675,PHA_RSET
1034,VA,LS1,CB08,CAV1,D1675,PHA_RD
1035,VA,LS1,CB08,CAV1,D1675,AMPL_RSET
1036,VA,LS1,CB08,CAV1,D1675,AMPL_RD
1037,VA,LS1,CB08,BPM,D1677,X_RD
1038,VA,LS1,CB08,BPM,D1677,Y_RD
1039,VA,LS1,CB08,BPM,D1677,PHA_RD
1040,VA,LS1,CB08,BPM,D1677,ENG_RD
1041,VA,LS1,CB08,SOL1,D1681,I_RSET
1042,VA,LS1,CB08,SOL1,D1681,I_RD
1043,VA,LS1,CB08,DCH,D1681,I_RSET
1044,VA,LS1,CB08,DCH,D1681,I_RD
1045,VA,LS1,CB08,DCV,D1681,I_RSET
1046,VA,LS1,CB08,DCV,D1681,I_RD
1047,VA,LS1,CB08,CAV2,D1687,PHA_RSET
1048,VA,LS1,CB08,CAV2,D1687,PHA_RD
1049,VA,LS1,CB08,CAV2,D1687,AMPL_RSET
1050,VA,LS1,CB08,CAV2,D1687,AMPL_RD
1051,VA,LS1,CB08,CAV3,D1691,PHA_RSET
1052,VA,LS1,CB08,CAV3,D1691,PHA_RD
1053,VA,LS1,CB08,CAV3,D1691,AMPL_RSET
1054,VA,LS1,CB08,CAV3,D1691,AMPL_RD
1055,VA,LS1,CB08,CAV4,D1695,PHA_RSET
1056,VA,LS1,CB08,CAV4,D1695,PHA_RD
1057,VA,LS1,CB08,CAV4,D1695,AMPL_RSET
1058,VA,LS1,CB08,CAV4,D1695,AMPL_RD
1059,VA,LS1,CB08,BPM,D1697,X_RD
1060,VA,LS1,CB08,BPM,D1697,Y_RD
1061,VA,LS1,CB08,BPM,D1697,PHA_RD
1062,VA,LS1,CB08,BPM,D1697,ENG_RD
1063,VA,LS1,CB08,SOL2,D1701,I_RSET
1064,VA,LS1,CB08,SOL2,D1701,I_RD
1065,VA,LS1,CB08,DCH,D1701,I_RSET
1066,VA,LS1,CB08,DCH,D1701,I_RD
1067,VA,LS1,CB08,DCV,D1701,I_RSET
1068,VA,LS1,CB08,DCV,D1701,I_RD
1069,VA,LS1,CB08,CAV5,D1707,PHA_RSET
1070,VA,LS1,CB08,CAV5,D1707,PHA_RD
1071,VA,LS1,CB08,CAV5,D1707,AMPL_RSET
1072,VA,LS1,CB08,CAV5,D1707,AMPL_RD
1073,VA,LS1,CB08,CAV6,D1711,PHA_RSET
1074,VA,LS1,CB08,CAV6,D1711,PHA_RD
1075,VA,LS1,CB08,CAV6,D1711,AMPL_RSET
1076,VA,LS1,CB08,CAV6,D1711,AMPL_RD
1077,VA,LS1,CB08,CAV7,D1715,PHA_RSET
1078,VA,LS1,CB08,CAV7,D1715,PHA_RD
1079,VA,LS1,CB08,CAV7,D1715,AMPL_RSET
1080,VA,LS1,CB08,CAV7,D1715,AMPL_RD
1081,VA,LS1,CB08,BPM,D1717,X_RD
1082,VA,LS1,CB08,BPM,D1717,Y_RD
1083,VA,LS1,CB08,BPM,D1717,PHA_RD
1084,VA,LS1,CB08,BPM,D1717,ENG_RD
1085,VA,LS1,CB08,SOL3,D1721,I_RSET
1086,VA,LS1,CB08,SOL3,D1721,I_RD
1087,VA,LS1,CB08,DCH,D1721,I_RSET
1088,VA,LS1,CB08,DCH,D1721,I_RD
1089,VA,LS1,CB08,DCV,D1721,I_RSET
1090,VA,LS1,CB08,DCV,D1721,I_RD
1091,VA,LS1,CB08,CAV8,D1727,PHA_RSET
1092,VA,LS1,CB08,CAV8,D1727,PHA_RD
1093,VA,LS1,CB08,CAV8,D1727,AMPL_RSET
1094,VA,LS1,CB08,CAV8,D1727,AMPL_RD
1095,VA,LS1,WB08,BPM,D1732,X_RD
1096,VA,LS1,WB08,BPM,D1732,Y_RD
1097,VA,LS1,WB08,BPM,D1732,PHA_RD
1098,VA,LS1,WB08,BPM,D1732,ENG_RD
1099,VA,LS1,CB09,CAV1,D1739,PHA_RSET
1100,VA,LS1,CB09,CAV1,D1739,PHA_RD
1101,VA,LS1,CB09,CAV1,D1739,AMPL_RSET
1102,VA,LS1,CB09,CAV1,D1739,AMPL_RD
1103,VA,LS1,CB09,BPM,D1741,X_RD
1104,VA,LS1,CB09,BPM,D1741,Y_RD
1105,VA,LS1,CB09,BPM,D1741,PHA_RD
1106,VA,LS1,CB09,BPM,D1741,ENG_RD
1107,VA,LS1,CB09,SOL1,D1745,I_RSET
1108,VA,LS1,CB09,SOL1,D1745,I_RD
1109,VA,LS1,CB09,DCH,D1745,I_RSET
1110,VA,LS1,CB09,DCH,D1745,I_RD
1111,VA,LS1,CB09,DCV,D1745,I_RSET
1112,VA,LS1,CB09,DCV,D1745,I_RD
1113,VA,LS1,CB09,CAV2,D1751,PHA_RSET
1114,VA,LS1,CB09,CAV2,D1751,PHA_RD
1115,VA,LS1,CB09,CAV2,D1751,AMPL_RSET
1116,VA,LS1,CB09,CAV2,D1751,AMPL_RD
1117,VA,LS1,CB09,CAV3,D1755,PHA_RSET
1118,VA,LS1,CB09,CAV3,D1755,PHA_RD
1119,VA,LS1,CB09,CAV3,D1755,AMPL_RSET
1120,VA,LS1,CB09,CAV3,D1755,AMPL_RD
1121,VA,LS1,CB09,CAV4,D1759,PHA_RSET
1122,VA,LS1,CB09,CAV4,D1759,PHA_RD
1123,VA,LS1,CB09,CAV4,D1759,AMPL_RSET
1124,VA,LS1,CB09,CAV4,D1759,AMPL_RD
1125,VA,LS1,CB09,BPM,D1761,X_RD
1126,VA,LS1,CB09,BPM,D1761,Y_RD
1127,VA,LS1,CB09,BPM,D1761,PHA_RD
1128,VA,LS1,CB09,BPM,D1761,ENG_RD
1129,VA,LS1,CB09,SOL2,D1765,I_RSET
1130,VA,LS1,CB09,SOL2,D1765,I_RD
1131,VA,LS1,CB09,DCH,D1765,I_RSET
1132,VA,LS1,CB09,DCH,D1765,I_RD
1133,VA,LS1,CB09,DCV,D1765,I_RSET
1134,VA,LS1,CB09,DCV,D1765,I_RD
1135,VA,LS1,CB09,CAV5,D1771,PHA_RSET
1136,VA,LS1,CB09,CAV5,D1771,PHA_RD
1137,VA,LS1,CB09,CAV5,D1771,AMPL_RSET
1138,VA,LS1,CB09,CAV5,D1771,AMPL_RD
1139,VA,LS1,CB09,CAV6,D1775,PHA_RSET
1140,VA,LS1,CB09,CAV6,D1775,PHA_RD
1141,VA,LS1,CB09,CAV6,D1775,AMPL_RSET
1142,VA,LS1,CB09,CAV6,D1775,AMPL_RD
1143,VA,LS1,CB09,CAV7,D1779,PHA_RSET
1144,VA,LS1,CB09,CAV7,D1779,PHA_RD
1145,VA,LS1,CB09,CAV7,D1779,AMPL_RSET
1146,VA,LS1,CB09,CAV7,D1779,AMPL_RD
1147,VA,LS1,CB09,BPM,D1781,X_RD
1148,VA,LS1,CB09,BPM,D1781,Y_RD
1149,VA,LS1,CB09,BPM,D1781,PHA_RD
1150,VA,LS1,CB09,BPM,D1781,ENG_RD
1151,VA,LS1,CB09,SOL3,D1785,I_RSET
1152,VA,LS1,CB09,SOL3,D1785,I_RD
1153,VA,LS1,CB09,DCH,D1785,I_RSET
1154,VA,LS1,CB09,DCH,D1785,I_RD
1155,VA,LS1,CB09,DCV,D1785,I_RSET
1156,VA,LS1,CB09,DCV,D1785,I_RD
1157,VA,LS1,CB09,CAV8,D1791,PHA_RSET
1158,VA,LS1,CB09,CAV8,D1791,PHA_RD
1159,VA,LS1,CB09,CAV8,D1791,AMPL_RSET
1160,VA,LS1,CB09,CAV8,D1791,AMPL_RD
1161,VA,LS1,WB09,BPM,D1796,X_RD
1162,VA,LS1,WB09,BPM,D1796,Y_RD
1163,VA,LS1,WB09,BPM,D1796,PHA_RD
1164,VA,LS1,WB09,BPM,D1796,ENG_RD
1165,VA,LS1,CB10,CAV1,D1802,PHA_RSET
1166,VA,LS1,CB10,CAV1,D1802,PHA_RD
1167,VA,LS1,CB10,CAV1,D1802,AMPL_RSET
1168,VA,LS1,CB10,CAV1,D1802,AMPL_RD
1169,VA,LS1,CB10,BPM,D1805,X_RD
1170,VA,LS1,CB10,BPM,D1805,Y_RD
1171,VA,LS1,CB10,BPM,D1805,PHA_RD
1172,VA,LS1,CB10,BPM,D1805,ENG_RD
1173,VA,LS1,CB10,SOL1,D1809,I_RSET
1174,VA,LS1,CB10,SOL1,D1809,I_RD
1175,VA,LS1,CB10,DCH,D1809,I_RSET
1176,VA,LS1,CB10,DCH,D1809,I_RD
1177,VA,LS1,CB10,DCV,D1809,I_RSET
1178,VA,LS1,CB10,DCV,D1809,I_RD
1179,VA,LS1,CB10,CAV2,D1814,PHA_RSET
1180,VA,LS1,CB10,CAV2,D1814,PHA_RD
1181,VA,LS1,CB10,CAV2,D1814,AMPL_RSET
1182,VA,LS1,CB10,CAV2,D1814,AMPL_RD
1183,VA,LS1,CB10,CAV3,D1818,PHA_RSET
1184,VA,LS1,CB10,CAV3,D1818,PHA_RD
1185,VA,LS1,CB10,CAV3,D1818,AMPL_RSET
1186,VA,LS1,CB10,CAV3,D1818,AMPL_RD
1187,VA,LS1,CB10,CAV4,D1822,PHA_RSET
1188,VA,LS1,CB10,CAV4,D1822,PHA_RD
1189,VA,LS1,CB10,CAV4,D1822,AMPL_RSET
1190,VA,LS1,CB10,CAV4,D1822,AMPL_RD
1191,VA,LS1,CB10,BPM,D1825,X_RD
1192,VA,LS1,CB10,BPM,D1825,Y_RD
1193,VA,LS1,CB10,BPM,D1825,PHA_RD
1194,VA,LS1,CB10,BPM,D1825,ENG_RD
1195,VA,LS1,CB10,SOL2,D1829,I_RSET
1196,VA,LS1,CB10,SOL2,D1829,I_RD
1197,VA,LS1,CB10,DCH,D1829,I_RSET
1198,VA,LS1,CB10,DCH,D1829,I_RD
1199,VA,LS1,CB10,DCV,D1829,I_RSET
1200,VA,LS1,CB10,DCV,D1829,I_RD
1201,VA,LS1,CB10,CAV5,D1834,PHA_RSET
1202,VA,LS1,CB10,CAV5,D1834,PHA_RD
1203,VA,LS1,CB10,CAV5,D1834,AMPL_RSET
1204,VA,LS1,CB10,CAV5,D1834,AMPL_RD
1205,VA,LS1,CB10,CAV6,D1838,PHA_RSET
1206,VA,LS1,CB10,CAV6,D1838,PHA_RD
1207,VA,LS1,CB10,CAV6,D1838,AMPL_RSET
1208,VA,LS1,CB10,CAV6,D1838,AMPL_RD
1209,VA,LS1,CB10,CAV7,D1842,PHA_RSET
1210,VA,LS1,CB10,CAV7,D1842,PHA_RD
1211,VA,LS1,CB10,CAV7,D1842,AMPL_RSET
1212,VA,LS1,CB10,CAV7,D1842,AMPL_RD
1213,VA,LS1,CB10,BPM,D1845,X_RD
1214,VA,LS1,CB10,BPM,D1845,Y_RD
1215,VA,LS1,CB10,BPM,D1845,PHA_RD
1216,VA,LS1,CB10,BPM,D1845,ENG_RD
1217,VA,LS1,CB10,SOL3,D1849,I_RSET
1218,VA,LS1,CB10,SOL3,D1849,I_RD
1219,VA,LS1,CB10,DCH,D1849,I_RSET
1220,VA,LS1,CB10,DCH,D1849,I_RD
1221,VA,LS1,CB10,DCV,D1849,I_RSET
1222,VA,LS1,CB10,DCV,D1849,I_RD
1223,VA,LS1,CB10,CAV8,D1854,PHA_RSET
1224,VA,LS1,CB10,CAV8,D1854,PHA_RD
1225,VA,LS1,CB10,CAV8,D1854,AMPL_RSET
1226,VA,LS1,CB10,CAV8,D1854,AMPL_RD
1227,VA,LS1,WB10,BPM,D1859,X_RD
1228,VA,LS1,WB10,BPM,D1859,Y_RD
1229,VA,LS1,WB10,BPM,D1859,PHA_RD
1230,VA,LS1,WB10,BPM,D1859,ENG_RD
1231,VA,LS1,CB11,CAV1,D1866,PHA_RSET
1232,VA,LS1,CB11,CAV1,D1866,PHA_RD
1233,VA,LS1,CB11,CAV1,D1866,AMPL_RSET
1234,VA,LS1,CB11,CAV1,D1866,AMPL_RD
1235,VA,LS1,CB11,BPM,D1869,X_RD
1236,VA,LS1,CB11,BPM,D1869,Y_RD
1237,VA,LS1,CB11,BPM,D1869,PHA_RD
1238,VA,LS1,CB11,BPM,D1869,ENG_RD
1239,VA,LS1,CB11,SOL1,D1872,I_RSET
1240,VA,LS1,CB11,SOL1,D1872,I_RD
1241,VA,LS1,CB11,DCH,D1872,I_RSET
1242,VA,LS1,CB11,DCH,D1872,I_RD
1243,VA,LS1,CB11,DCV,D1872,I_RSET
1244,VA,LS1,CB11,DCV,D1872,I_RD
1245,VA,LS1,CB11,CAV2,D1878,PHA_RSET
1246,VA,LS1,CB11,CAV2,D1878,PHA_RD
1247,VA,LS1,CB11,CAV2,D1878,AMPL_RSET
1248,VA,LS1,CB11,CAV2,D1878,AMPL_RD
1249,VA,LS1,CB11,CAV3,D1882,PHA_RSET
1250,VA,LS1,CB11,CAV3,D1882,PHA_RD
1251,VA,LS1,CB11,CAV3,D1882,AMPL_RSET
1252,VA,LS1,CB11,CAV3,D1882,AMPL_RD
1253,VA,LS1,CB11,CAV4,D1886,PHA_RSET
1254,VA,LS1,CB11,CAV4,D1886,PHA_RD
1255,VA,LS1,CB11,CAV4,D1886,AMPL_RSET
1256,VA,LS1,CB11,CAV4,D1886,AMPL_RD
1257,VA,LS1,CB11,BPM,D1889,X_RD
1258,VA,LS1,CB11,BPM,D1889,Y_RD
1259,VA,LS1,CB11,BPM,D1889,PHA_RD
1260,VA,LS1,CB11,BPM,D1889,ENG_RD
1261,VA,LS1,CB11,SOL2,D1892,I_RSET
1262,VA,LS1,CB11,SOL2,D1892,I_RD
1263,VA,LS1,CB11,DCH,D1892,I_RSET
1264,VA,LS1,CB11,DCH,D1892,I_RD
1265,VA,LS1,CB11,DCV,D1892,I_RSET
1266,VA,LS1,CB11,DCV,D1892,I_RD
1267,VA,LS1,CB11,CAV5,D1898,PHA_RSET
1268,VA,LS1,CB11,CAV5,D1898,PHA_RD
1269,VA,LS1,CB11,CAV5,D1898,AMPL_RSET
1270,VA,LS1,CB11,CAV5,D1898,AMPL_RD
1271,VA,LS1,CB11,CAV6,D1902,PHA_RSET
1272,VA,LS1,CB11,CAV6,D1902,PHA_RD
1273,VA,LS1,CB11,CAV6,D1902,AMPL_RSET
1274,VA,LS1,CB11,CAV6,D1902,AMPL_RD
1275,VA,LS1,CB11,CAV7,D1906,PHA_RSET
1276,VA,LS1,CB11,CAV7,D1906,PHA_RD
1277,VA,LS1,CB11,CAV7,D1906,AMPL_RSET
1278,VA,LS1,CB11,CAV7,D1906,AMPL_RD
1279,VA,LS1,CB11,BPM,D1909,X_RD
1280,VA,LS1,CB11,BPM,D1909,Y_RD
1281,VA,LS1,CB11,BPM,D1909,PHA_RD
1282,VA,LS1,CB11,BPM,D1909,ENG_RD
1283,VA,LS1,CB11,SOL3,D1912,I_RSET
1284,VA,LS1,CB11,SOL3,D1912,I_RD
1285,VA,LS1,CB11,DCH,D1912,I_RSET
1286,VA,LS1,CB11,DCH,D1912,I_RD
1287,VA,LS1,CB11,DCV,D1912,I_RSET
1288,VA,LS1,CB11,DCV,D1912,I_RD
1289,VA,LS1,CB11,CAV8,D1918,PHA_RSET
1290,VA,LS1,CB11,CAV8,D1918,PHA_RD
1291,VA,LS1,CB11,CAV8,D1918,AMPL_RSET
1292,VA,LS1,CB11,CAV8,D1918,AMPL_RD
1293,VA,LS1,WB11,BPM,D1923,X_RD
1294,VA,LS1,WB11,BPM,D1923,Y_RD
1295,VA,LS1,WB11,BPM,D1923,PHA_RD
1296,VA,LS1,WB11,BPM,D1923,ENG_RD
1297,VA,LS1,BTS,DCH,D1937,I_RSET
1298,VA,LS1,BTS,DCH,D1937,I_RD
1299,VA,LS1,BTS,DCV,D1937,I_RSET
1300,VA,LS1,BTS,DCV,D1937,I_RD
1301,VA,LS1,BTS,QH,D1942,I_RSET
1302,VA,LS1,BTS,QH,D1942,I_RD
1303,VA,LS1,BTS,QV,D1950,I_RSET
1304,VA,LS1,BTS,QV,D1950,I_RD
1305,VA,LS1,BTS,DCH,D1964,I_RSET
1306,VA,LS1,BTS,DCH,D1964,I_RD
1307,VA,LS1,BTS,DCV,D1964,I_RSET
1308,VA,LS1,BTS,DCV,D1964,I_RD
1309,VA,LS1,BTS,BPM,D1967,X_RD
1310,VA,LS1,BTS,BPM,D1967,Y_RD
1311,VA,LS1,BTS,BPM,D1967,PHA_RD
1312,VA,LS1,BTS,BPM,D1967,ENG_RD
1313,VA,LS1,BTS,QH,D1969,I_RSET
1314,VA,LS1,BTS,QH,D1969,I_RD
1315,VA,LS1,BTS,QV,D1976,I_RSET
1316,VA,LS1,BTS,QV,D1976,I_RD
1317,VA,LS1,BTS,BPM,D1980,X_RD
1318,VA,LS1,BTS,BPM,D1980,Y_RD
1319,VA,LS1,BTS,BPM,D1980,PHA_RD
1320,VA,LS1,BTS,BPM,D1980,ENG_RD
1321,VA,LS1,BTS,DCH,D1997,I_RSET
1322,VA,LS1,BTS,DCH,D1997,I_RD
1323,VA,LS1,BTS,DCV,D1997,I_RSET
1324,VA,LS1,BTS,DCV,D1997,I_RD
1325,VA,LS1,BTS,QH,D2002,I_RSET
1326,VA,LS1,BTS,QH,D2002,I_RD
1327,VA,LS1,BTS,QV,D2013,I_RSET
1328,VA,LS1,BTS,QV,D2013,I_RD
1329,VA,LS1,BTS,DCH,D2024,I_RSET
1330,VA,LS1,BTS,DCH,D2024,I_RD
1331,VA,LS1,BTS,DCV,D2024,I_RSET
1332,VA,LS1,BTS,DCV,D2024,I_RD
1333,VA,LS1,BTS,BPM,D2027,X_RD
1334,VA,LS1,BTS,BPM,D2027,Y_RD
1335,VA,LS1,BTS,BPM,D2027,PHA_RD
1336,VA,LS1,BTS,BPM,D2027,ENG_RD
1337,VA,LS1,BTS,QH,D2029,I_RSET
1338,VA,LS1,BTS,QH,D2029,I_RD
1339,VA,LS1,BTS,QV,D2042,I_RSET
1340,VA,LS1,BTS,QV,D2042,I_RD
1341,VA,LS1,BTS,BPM,D2054,X_RD
1342,VA,LS1,BTS,BPM,D2054,Y_RD
1343,VA,LS1,BTS,BPM,D2054,PHA_RD
1344,VA,LS1,BTS,BPM,D2054,ENG_RD
1345,VA,LS1,BTS,PM,D2056,XCEN_RD
1346,VA,LS1,BTS,PM,D2056,YCEN_RD
1347,VA,LS1,BTS,PM,D2056,XY_RD
1348,VA,LS1,BTS,PM,D2056,XRMS_RD
1349,VA,LS1,BTS,PM,D2056,YRMS_RD
1350,VA,LS1,BTS,PM,D2056,XYRMS_RD
1351,VA,LS1,BTS,PM,D2056,CXY_RD
1352,VA,LS1,BTS,DCH,D2061,I_RSET
1353,VA,LS1,BTS,DCH,D2061,I_RD
1354,VA,LS1,BTS,DCV,D2061,I_RSET
1355,VA,LS1,BTS,DCV,D2061,I_RD
1356,VA,LS1,BTS,QV,D2066,I_RSET
1357,VA,LS1,BTS,QV,D2066,I_RD
1358,VA,LS1,BTS,QH,D2073,I_RSET
1359,VA,LS1,BTS,QH,D2073,I_RD
1360,VA,LS1,CH01,CAV1,D2085,PHA_RSET
1361,VA,LS1,CH01,CAV1,D2085,PHA_RD
1362,VA,LS1,CH01,CAV1,D2085,AMPL_RSET
1363,VA,LS1,CH01,CAV1,D2085,AMPL_RD
1364,VA,LS1,CH01,CAV2,D2089,PHA_RSET
1365,VA,LS1,CH01,CAV2,D2089,PHA_RD
1366,VA,LS1,CH01,CAV2,D2089,AMPL_RSET
1367,VA,LS1,CH01,CAV2,D2089,AMPL_RD
1368,VA,LS1,CH01,CAV3,D2096,PHA_RSET
1369,VA,LS1,CH01,CAV3,D2096,PHA_RD
1370,VA,LS1,CH01,CAV3,D2096,AMPL_RSET
1371,VA,LS1,CH01,CAV3,D2096,AMPL_RD
1372,VA,LS1,CH01,CAV4,D2100,PHA_RSET
1373,VA,LS1,CH01,CAV4,D2100,PHA_RD
1374,VA,LS1,CH01,CAV4,D2100,AMPL_RSET
1375,VA,LS1,CH01,CAV4,D2100,AMPL_RD
1376,VA,LS1,BTS,DCH,D2114,I_RSET
1377,VA,LS1,BTS,DCH,D2114,I_RD
1378,VA,LS1,BTS,DCV,D2114,I_RSET
1379,VA,LS1,BTS,DCV,D2114,I_RD
1380,VA,LS1,BTS,BPM,D2116,X_RD
1381,VA,LS1,BTS,BPM,D2116,Y_RD
1382,VA,LS1,BTS,BPM,D2116,PHA_RD
1383,VA,LS1,BTS,BPM,D2116,ENG_RD
1384,VA,LS1,BTS,QV,D2118,I_RSET
1385,VA,LS1,BTS,QV,D2118,I_RD
1386,VA,LS1,BTS,QH,D2126,I_RSET
1387,VA,LS1,BTS,QH,D2126,I_RD
1388,VA,LS1,BTS,BPM,D2130,X_RD
1389,VA,LS1,BTS,BPM,D2130,Y_RD
1390,VA,LS1,BTS,BPM,D2130,PHA_RD
1391,VA,LS1,BTS,BPM,D2130,ENG_RD
1392,VA,LS1,BTS,PM,D2131,XCEN_RD
1393,VA,LS1,BTS,PM,D2131,YCEN_RD
1394,VA,LS1,BTS,PM,D2131,XY_RD
1395,VA,LS1,BTS,PM,D2131,XRMS_RD
1396,VA,LS1,BTS,PM,D2131,YRMS_RD
1397,VA,LS1,BTS,PM,D2131,XYRMS_RD
1398,VA,LS1,BTS,PM,D2131,CXY_RD
1399,VA,FS1,CH01,CAV1,D2137,PHA_RSET
1400,VA,FS1,CH01,CAV1,D2137,PHA_RD
1401,VA,FS1,CH01,CAV1,D2137,AMPL_RSET
1402,VA,FS1,CH01,CAV1,D2137,AMPL_RD
1403,VA,FS1,CH01,CAV2,D2141,PHA_RSET
1404,VA,FS1,CH01,CAV2,D2141,PHA_RD
1405,VA,FS1,CH01,CAV2,D2141,AMPL_RSET
1406,VA,FS1,CH01,CAV2,D2141,AMPL_RD
1407,VA,FS1,CH01,CAV3,D2148,PHA_RSET
1408,VA,FS1,CH01,CAV3,D2148,PHA_RD
1409,VA,FS1,CH01,CAV3,D2148,AMPL_RSET
1410,VA,FS1,CH01,CAV3,D2148,AMPL_RD
1411,VA,FS1,CH01,CAV4,D2152,PHA_RSET
1412,VA,FS1,CH01,CAV4,D2152,PHA_RD
1413,VA,FS1,CH01,CAV4,D2152,AMPL_RSET
1414,VA,FS1,CH01,CAV4,D2152,AMPL_RD
1415,VA,FS1,CSS,DH,D2163,I_RSET
1416,VA,FS1,CSS,DH,D2163,I_RD
1417,VA,FS1,CSS,DH,D2169,I_RSET
1418,VA,FS1,CSS,DH,D2169,I_RD
1419,VA,FS1,CSS,DH,D2174,I_RSET
1420,VA,FS1,CSS,DH,D2174,I_RD
1421,VA,FS1,CSS,DH,D2180,I_RSET
1422,VA,FS1,CSS,DH,D2180,I_RD
1423,VA,FS1,CSS,DCH,D2189,I_RSET
1424,VA,FS1,CSS,DCH,D2189,I_RD
1425,VA,FS1,CSS,DCV,D2189,I_RSET
1426,VA,FS1,CSS,DCV,D2189,I_RD
1427,VA,FS1,CSS,QH,D2194,I_RSET
1428,VA,FS1,CSS,QH,D2194,I_RD
1429,VA,FS1,CSS,PM,D2198,XCEN_RD
1430,VA,FS1,CSS,PM,D2198,YCEN_RD
1431,VA,FS1,CSS,PM,D2198,XY_RD
1432,VA,FS1,CSS,PM,D2198,XRMS_RD
1433,VA,FS1,CSS,PM,D2198,YRMS_RD
1434,VA,FS1,CSS,PM,D2198,XYRMS_RD
1435,VA,FS1,CSS,PM,D2198,CXY_RD
1436,VA,FS1,CSS,QV,D2202,I_RSET
1437,VA,FS1,CSS,QV,D2202,I_RD
1438,VA,FS1,CSS,DCH,D2210,I_RSET
1439,VA,FS1,CSS,DCH,D2210,I_RD
1440,VA,FS1,CSS,DCV,D2210,I_RSET
1441,VA,FS1,CSS,DCV,D2210,I_RD
1442,VA,FS1,CSS,BPM,D2212,X_RD
1443,VA,FS1,CSS,BPM,D2212,Y_RD
1444,VA,FS1,CSS,BPM,D2212,PHA_RD
1445,VA,FS1,CSS,BPM,D2212,ENG_RD
1446,VA,FS1,CSS,QH,D2215,I_RSET
1447,VA,FS1,CSS,QH,D2215,I_RD
1448,VA,FS1,CSS,QV,D2220,I_RSET
1449,VA,FS1,CSS,QV,D2220,I_RD
1450,VA,FS1,CSS,BPM,D2223,X_RD
1451,VA,FS1,CSS,BPM,D2223,Y_RD
1452,VA,FS1,CSS,BPM,D2223,PHA_RD
1453,VA,FS1,CSS,BPM,D2223,ENG_RD
1454,VA,FS1,CSS,PM,D2225,XCEN_RD
1455,VA,FS1,CSS,PM,D2225,YCEN_RD
1456,VA,FS1,CSS,PM,D2225,XY_RD
1457,VA,FS1,CSS,PM,D2225,XRMS_RD
1458,VA,FS1,CSS,PM,D2225,YRMS_RD
1459,VA,FS1,CSS,PM,D2225,XYRMS_RD
1460,VA,FS1,CSS,PM,D2225,CXY_RD
1461,VA,FS1,CSS,BPM,D2248,X_RD
1462,VA,FS1,CSS,BPM,D2248,Y_RD
1463,VA,FS1,CSS,BPM,D2248,PHA_RD
1464,VA,FS1,CSS,BPM,D2248,ENG_RD
1465,VA,FS1,CSS,PM,D2249,XCEN_RD
1466,VA,FS1,CSS,PM,D2249,YCEN_RD
1467,VA,FS1,CSS,PM,D2249,XY_RD
1468,VA,FS1,CSS,PM,D2249,XRMS_RD
1469,VA,FS1,CSS,PM,D2249,YRMS_RD
1470,VA,FS1,CSS,PM,D2249,XYRMS_RD
1471,VA,FS1,CSS,PM,D2249,CXY_RD
1472,VA,FS1,CSS,QV,D2254,I_RSET
1473,VA,FS1,CSS,QV,D2254,I_RD
1474,VA,FS1,CSS,DCH,D2257,I_RSET
1475,VA,FS1,CSS,DCH,D2257,I_RD
1476,VA,FS1,CSS,DCV,D2257,I_RSET
1477,VA,FS1,CSS,DCV,D2257,I_RD
1478,VA,FS1,CSS,QH,D2260,I_RSET
1479,VA,FS1,CSS,QH,D2260,I_RD
1480,VA,FS1,CSS,QV,D2272,I_RSET
1481,VA,FS1,CSS,QV,D2272,I_RD
1482,VA,FS1,CSS,DCH,D2276,I_RSET
1483,VA,FS1,CSS,DCH,D2276,I_RD
1484,VA,FS1,CSS,DCV,D2276,I_RSET
1485,VA,FS1,CSS,DCV,D2276,I_RD
1486,VA,FS1,CSS,BPM,D2278,X_RD
1487,VA,FS1,CSS,BPM,D2278,Y_RD
1488,VA,FS1,CSS,BPM,D2278,PHA_RD
1489,VA,FS1,CSS,BPM,D2278,ENG_RD
1490,VA,FS1,CSS,QH,D2280,I_RSET
1491,VA,FS1,CSS,QH,D2280,I_RD
1492,VA,FS1,CSS,DH,D2290,I_RSET
1493,VA,FS1,CSS,DH,D2290,I_RD
1494,VA,FS1,CSS,DH,D2296,I_RSET
1495,VA,FS1,CSS,DH,D2296,I_RD
1496,VA,FS1,CSS,DH,D2302,I_RSET
1497,VA,FS1,CSS,DH,D2302,I_RD
1498,VA,FS1,CSS,DH,D2308,I_RSET
1499,VA,FS1,CSS,DH,D2308,I_RD
1500,VA,FS1,CSS,BPM,D2313,X_RD
1501,VA,FS1,CSS,BPM,D2313,Y_RD
1502,VA,FS1,CSS,BPM,D2313,PHA_RD
1503,VA,FS1,CSS,BPM,D2313,ENG_RD
1504,VA,FS1,CSS,PM,D2315,XCEN_RD
1505,VA,FS1,CSS,PM,D2315,YCEN_RD
1506,VA,FS1,CSS,PM,D2315,XY_RD
1507,VA,FS1,CSS,PM,D2315,XRMS_RD
1508,VA,FS1,CSS,PM,D2315,YRMS_RD
1509,VA,FS1,CSS,PM,D2315,XYRMS_RD
1510,VA,FS1,CSS,PM,D2315,CXY_RD
1511,VA,FS1,MGB01,CAV,D2320,PHA_RSET
1512,VA,FS1,MGB01,CAV,D2320,PHA_RD
1513,VA,FS1,MGB01,CAV,D2320,AMPL_RSET
1514,VA,FS1,MGB01,CAV,D2320,AMPL_RD
1515,VA,FS1,MGB01,CAV,D2323,PHA_RSET
1516,VA,FS1,MGB01,CAV,D2323,PHA_RD
1517,VA,FS1,MGB01,CAV,D2323,AMPL_RSET
1518,VA,FS1,MGB01,CAV,D2323,AMPL_RD
1519,VA,FS1,MGB01,CAV,D2327,PHA_RSET
1520,VA,FS1,MGB01,CAV,D2327,PHA_RD
1521,VA,FS1,MGB01,CAV,D2327,AMPL_RSET
1522,VA,FS1,MGB01,CAV,D2327,AMPL_RD
1523,VA,FS1,MGB01,CAV,D2330,PHA_RSET
1524,VA,FS1,MGB01,CAV,D2330,PHA_RD
1525,VA,FS1,MGB01,CAV,D2330,AMPL_RSET
1526,VA,FS1,MGB01,CAV,D2330,AMPL_RD
1527,VA,FS1,CSS,DCH,D2351,I_RSET
1528,VA,FS1,CSS,DCH,D2351,I_RD
1529,VA,FS1,CSS,DCV,D2351,I_RSET
1530,VA,FS1,CSS,DCV,D2351,I_RD
1531,VA,FS1,CSS,QH,D2356,I_RSET
1532,VA,FS1,CSS,QH,D2356,I_RD
1533,VA,FS1,CSS,QH,D2362,I_RSET
1534,VA,FS1,CSS,QH,D2362,I_RD
1535,VA,FS1,CSS,DCH,D2367,I_RSET
1536,VA,FS1,CSS,DCH,D2367,I_RD
1537,VA,FS1,CSS,DCV,D2367,I_RSET
1538,VA,FS1,CSS,DCV,D2367,I_RD
1539,VA,FS1,CSS,BPM,D2369,X_RD
1540,VA,FS1,CSS,BPM,D2369,Y_RD
1541,VA,FS1,CSS,BPM,D2369,PHA_RD
1542,VA,FS1,CSS,BPM,D2369,ENG_RD
1543,VA,FS1,CSS,QV,D2372,I_RSET
1544,VA,FS1,CSS,QV,D2372,I_RD
1545,VA,FS1,CSS,QH,D2377,I_RSET
1546,VA,FS1,CSS,QH,D2377,I_RD
1547,VA,FS1,CSS,DCH,D2381,I_RSET
1548,VA,FS1,CSS,DCH,D2381,I_RD
1549,VA,FS1,CSS,DCV,D2381,I_RSET
1550,VA,FS1,CSS,DCV,D2381,I_RD
1551,VA,FS1,CSS,BPM,D2383,X_RD
1552,VA,FS1,CSS,BPM,D2383,Y_RD
1553,VA,FS1,CSS,BPM,D2383,PHA_RD
1554,VA,FS1,CSS,BPM,D2383,ENG_RD
1555,VA,FS1,CSS,PM,D2385,XCEN_RD
1556,VA,FS1,CSS,PM,D2385,YCEN_RD
1557,VA,FS1,CSS,PM,D2385,XY_RD
1558,VA,FS1,CSS,PM,D2385,XRMS_RD
1559,VA,FS1,CSS,PM,D2385,YRMS_RD
1560,VA,FS1,CSS,PM,D2385,XYRMS_RD
1561,VA,FS1,CSS,PM,D2385,CXY_RD
1562,VA,FS1,BBS,DH,D2394,I_RSET
1563,VA,FS1,BBS,DH,D2394,I_RD
1564,VA,FS1,BBS,DCH,D2412,I_RSET
1565,VA,FS1,BBS,DCH,D2412,I_RD
1566,VA,FS1,BBS,DCV,D2412,I_RSET
1567,VA,FS1,BBS,DCV,D2412,I_RD
1568,VA,FS1,BBS,QH,D2416,I_RSET
1569,VA,FS1,BBS,QH,D2416,I_RD
1570,VA,FS1,BBS,S,D2419,B3_RSET
1571,VA,FS1,BBS,S,D2419,B3_RD
1572,VA,FS1,BBS,BPM,D2421,X_RD
1573,VA,FS1,BBS,BPM,D2421,Y_RD
1574,VA,FS1,BBS,BPM,D2421,PHA_RD
1575,VA,FS1,BBS,BPM,D2421,ENG_RD
1576,VA,FS1,BBS,QV,D2424,I_RSET
1577,VA,FS1,BBS,QV,D2424,I_RD
1578,VA,FS1,BBS,DH,D2435,I_RSET
1579,VA,FS1,BBS,DH,D2435,I_RD
1580,VA,FS1,BBS,PM,D2444,XCEN_RD
1581,VA,FS1,BBS,PM,D2444,YCEN_RD
1582,VA,FS1,BBS,PM,D2444,XY_RD
1583,VA,FS1,BBS,PM,D2444,XRMS_RD
1584,VA,FS1,BBS,PM,D2444,YRMS_RD
1585,VA,FS1,BBS,PM,D2444,XYRMS_RD
1586,VA,FS1,BBS,PM,D2444,CXY_RD
1587,VA,FS1,BBS,DH,D2453,I_RSET
1588,VA,FS1,BBS,DH,D2453,I_RD
1589,VA,FS1,BBS,QV,D2463,I_RSET
1590,VA,FS1,BBS,QV,D2463,I_RD
1591,VA,FS1,BBS,BPM,D2466,X_RD
1592,VA,FS1,BBS,BPM,D2466,Y_RD
1593,VA,FS1,BBS,BPM,D2466,PHA_RD
1594,VA,FS1,BBS,BPM,D2466,ENG_RD
1595,VA,FS1,BBS,S,D2469,B3_RSET
1596,VA,FS1,BBS,S,D2469,B3_RD
1597,VA,FS1,BBS,QH,D2472,I_RSET
1598,VA,FS1,BBS,QH,D2472,I_RD
1599,VA,FS1,BBS,DCH,D2476,I_RSET
1600,VA,FS1,BBS,DCH,D2476,I_RD
1601,VA,FS1,BBS,DCV,D2476,I_RSET
1602,VA,FS1,BBS,DCV,D2476,I_RD
1603,VA,FS1,BBS,PM,D2482,XCEN_RD
1604,VA,FS1,BBS,PM,D2482,YCEN_RD
1605,VA,FS1,BBS,PM,D2482,XY_RD
1606,VA,FS1,BBS,PM,D2482,XRMS_RD
1607,VA,FS1,BBS,PM,D2482,YRMS_RD
1608,VA,FS1,BBS,PM,D2482,XYRMS_RD
1609,VA,FS1,BBS,PM,D2482,CXY_RD
1610,VA,FS1,BBS,DH,D2494,I_RSET
1611,VA,FS1,BBS,DH,D2494,I_RD
1612,VA,FS1,BMS,BPM,D2502,X_RD
1613,VA,FS1,BMS,BPM,D2502,Y_RD
1614,VA,FS1,BMS,BPM,D2502,PHA_RD
1615,VA,FS1,BMS,BPM,D2502,ENG_RD
1616,VA,FS1,BMS,PM,D2504,XCEN_RD
1617,VA,FS1,BMS,PM,D2504,YCEN_RD
1618,VA,FS1,BMS,PM,D2504,XY_RD
1619,VA,FS1,BMS,PM,D2504,XRMS_RD
1620,VA,FS1,BMS,PM,D2504,YRMS_RD
1621,VA,FS1,BMS,PM,D2504,XYRMS_RD
1622,VA,FS1,BMS,PM,D2504,CXY_RD
1623,VA,FS1,BMS,DCH,D2507,I_RSET
1624,VA,FS1,BMS,DCH,D2507,I_RD
1625,VA,FS1,BMS,DCV,D2507,I_RSET
1626,VA,FS1,BMS,DCV,D2507,I_RD
1627,VA,FS1,BMS,QV,D2511,I_RSET
1628,VA,FS1,BMS,QV,D2511,I_RD
1629,VA,FS1,BMS,QH,D2515,I_RSET
1630,VA,FS1,BMS,QH,D2515,I_RD
1631,VA,FS1,BMS,DCH,D2534,I_RSET
1632,VA,FS1,BMS,DCH,D2534,I_RD
1633,VA,FS1,BMS,DCV,D2534,I_RSET
1634,VA,FS1,BMS,DCV,D2534,I_RD
1635,VA,FS1,BMS,BPM,D2537,X_RD
1636,VA,FS1,BMS,BPM,D2537,Y_RD
1637,VA,FS1,BMS,BPM,D2537,PHA_RD
1638,VA,FS1,BMS,BPM,D2537,ENG_RD
1639,VA,FS1,BMS,QV,D2539,I_RSET
1640,VA,FS1,BMS,QV,D2539,I_RD
1641,VA,FS1,BMS,QH,D2563,I_RSET
1642,VA,FS1,BMS,QH,D2563,I_RD
1643,VA,FS1,BMS,DCH,D2584,I_RSET
1644,VA,FS1,BMS,DCH,D2584,I_RD
1645,VA,FS1,BMS,DCV,D2584,I_RSET
1646,VA,FS1,BMS,DCV,D2584,I_RD
1647,VA,FS1,BMS,BPM,D2587,X_RD
1648,VA,FS1,BMS,BPM,D2587,Y_RD
1649,VA,FS1,BMS,BPM,D2587,PHA_RD
1650,VA,FS1,BMS,BPM,D2587,ENG_RD
1651,VA,FS1,BMS,QV,D2590,I_RSET
1652,VA,FS1,BMS,QV,D2590,I_RD
1653,VA,FS1,BMS,QH,D2597,I_RSET
1654,VA,FS1,BMS,QH,D2597,I_RD
1655,VA,FS1,BMS,BPM,D2600,X_RD
1656,VA,FS1,BMS,BPM,D2600,Y_RD
1657,VA,FS1,BMS,BPM,D2600,PHA_RD
1658,VA,FS1,BMS,BPM,D2600,ENG_RD
1659,VA,FS1,BMS,PM,D2602,XCEN_RD
1660,VA,FS1,BMS,PM,D2602,YCEN_RD
1661,VA,FS1,BMS,PM,D2602,XY_RD
1662,VA,FS1,BMS,PM,D2602,XRMS_RD
1663,VA,FS1,BMS,PM,D2602,YRMS_RD
1664,VA,FS1,BMS,PM,D2602,XYRMS_RD
1665,VA,FS1,BMS,PM,D2602,CXY_RD
1666,VA,FS1,MGB02,CAV,D2606,PHA_RSET
1667,VA,FS1,MGB02,CAV,D2606,PHA_RD
1668,VA,FS1,MGB02,CAV,D2606,AMPL_RSET
1669,VA,FS1,MGB02,CAV,D2606,AMPL_RD
1670,VA,FS1,MGB02,CAV,D2609,PHA_RSET
1671,VA,FS1,MGB02,CAV,D2609,PHA_RD
1672,VA,FS1,MGB02,CAV,D2609,AMPL_RSET
1673,VA,FS1,MGB02,CAV,D2609,AMPL_RD
1674,VA,FS1,MGB02,CAV,D2613,PHA_RSET
1675,VA,FS1,MGB02,CAV,D2613,PHA_RD
1676,VA,FS1,MGB02,CAV,D2613,AMPL_RSET
1677,VA,FS1,MGB02,CAV,D2613,AMPL_RD
1678,VA,FS1,MGB02,CAV,D2616,PHA_RSET
1679,VA,FS1,MGB02,CAV,D2616,PHA_RD
1680,VA,FS1,MGB02,CAV,D2616,AMPL_RSET
1681,VA,FS1,MGB02,CAV,D2616,AMPL_RD
1682,VA,FS1,BMS,DCH,D2640,I_RSET
1683,VA,FS1,BMS,DCH,D2640,I_RD
1684,VA,FS1,BMS,DCV,D2640,I_RSET
1685,VA,FS1,BMS,DCV,D2640,I_RD
1686,VA,FS1,BMS,QH,D2645,I_RSET
1687,VA,FS1,BMS,QH,D2645,I_RD
1688,VA,FS1,BMS,QV,D2654,I_RSET
1689,VA,FS1,BMS,QV,D2654,I_RD
1690,VA,FS1,BMS,DCH,D2662,I_RSET
1691,VA,FS1,BMS,DCH,D2662,I_RD
1692,VA,FS1,BMS,DCV,D2662,I_RSET
1693,VA,FS1,BMS,DCV,D2662,I_RD
1694,VA,FS1,BMS,BPM,D2665,X_RD
1695,VA,FS1,BMS,BPM,D2665,Y_RD
1696,VA,FS1,BMS,BPM,D2665,PHA_RD
1697,VA,FS1,BMS,BPM,D2665,ENG_RD
1698,VA,FS1,BMS,QH,D2666,I_RSET
1699,VA,FS1,BMS,QH,D2666,I_RD
1700,VA,FS1,BMS,QH,D2679,I_RSET
1701,VA,FS1,BMS,QH,D2679,I_RD
1702,VA,FS1,BMS,DCH,D2688,I_RSET
1703,VA,FS1,BMS,DCH,D2688,I_RD
1704,VA,FS1,BMS,DCV,D2688,I_RSET
1705,VA,FS1,BMS,DCV,D2688,I_RD
1706,VA,FS1,BMS,BPM,D2690,X_RD
1707,VA,FS1,BMS,BPM,D2690,Y_RD
1708,VA,FS1,BMS,BPM,D2690,PHA_RD
1709,VA,FS1,BMS,BPM,D2690,ENG_RD
1710,VA,FS1,BMS,QV,D2693,I_RSET
1711,VA,FS1,BMS,QV,D2693,I_RD
1712,VA,FS1,BMS,QH,D2698,I_RSET
1713,VA,FS1,BMS,QH,D2698,I_RD
1714,VA,FS1,BMS,BPM,D2702,X_RD
1715,VA,FS1,BMS,BPM,D2702,Y_RD
1716,VA,FS1,BMS,BPM,D2702,PHA_RD
1717,VA,FS1,BMS,BPM,D2702,ENG_RD
1718,VA,FS1,BMS,PM,D2703,XCEN_RD
1719,VA,FS1,BMS,PM,D2703,YCEN_RD
1720,VA,FS1,BMS,PM,D2703,XY_RD
1721,VA,FS1,BMS,PM,D2703,XRMS_RD
1722,VA,FS1,BMS,PM,D2703,YRMS_RD
1723,VA,FS1,BMS,PM,D2703,XYRMS_RD
1724,VA,FS1,BMS,PM,D2703,CXY_RD
1725,VA,SVR,,CHARGE,,
